{
  "type": "FeatureCollection",
  "properties": {
    "source": "WWF TEOW 2017",
    "ecoregion": "Chocó-Darién Moist Forests (NT0115)",
    "license": "Public Domain - Attribution required to WWF",
    "download_date": "2025-11-06",
    "processed_by": "Chocó Biogeográfico IIAP Project",
    "processing_steps": "Official TEOW NT0115, removed horizontal line segment in northern Panama",
    "version": "3.9-panama-horizontal-removed",
    "coordinate_system": "WGS84 (EPSG:4326)",
    "holes_removed": 9
  },
  "features": [
    {
      "type": "Feature",
      "properties": {
        "OBJECTID": 169.0,
        "ECO_NAME": "Chocó-Darién moist forests",
        "BIOME_NUM": 1.0,
        "BIOME_NAME": "Tropical & Subtropical Moist Broadleaf Forests",
        "REALM": "Neotropic",
        "ECO_BIOME_": "NO01",
        "NNH": 2,
        "ECO_ID": 454,
        "SHAPE_LENG": 46.3401399552,
        "SHAPE_AREA": 5.98917281901,
        "NNH_NAME": "Nature Could Reach Half Protected",
        "COLOR": "#13ED00",
        "COLOR_BIO": "#38A700",
        "COLOR_NNH": "#7BC141",
        "LICENSE": "CC-BY 4.0",
        "name": "Chocó Biogeográfico",
        "ecoregion": "Chocó-Darién Moist Forests",
        "eco_code": "NT0115",
        "source": "WWF Terrestrial Ecoregions of the World (TEOW) 2017",
        "license": "Public Domain - Attribution required to WWF",
        "countries": [
          "Panamá",
          "Colombia",
          "Ecuador"
        ],
        "description": "Franja pacífica húmeda desde Panamá hasta Chocó, Valle, Cauca y Nariño. Incluye parte del Darién y la Serranía del Baudó.",
        "biodiversity_hotspot": true
      },
      "geometry": {
        "type": "MultiPolygon",
        "coordinates": [
          [
            [
              [
                -77.77210953299993,
                9.0
              ],
              [
                -77.78156264399985,
                9.0
              ],
              [
                -77.78361553899998,
                8.99830419400007
              ],
              [
                -77.78290559199996,
                8.996700233000126
              ],
              [
                -77.76977550899989,
                9.0
              ],
              [
                -77.76792159899998,
                8.998869135000177
              ],
              [
                -77.77412454299991,
                8.994691258999978
              ],
              [
                -77.77178163299993,
                8.990112728000156
              ],
              [
                -77.76229063699998,
                8.98649996
              ],
              [
                -77.75714850699995,
                8.978262561000122
              ],
              [
                -77.76106251999988,
                8.9766285930001
              ],
              [
                -77.76564758899991,
                8.972002956000097
              ],
              [
                -77.75596649099998,
                8.973445984000136
              ],
              [
                -77.74852755199998,
                8.966373334000082
              ],
              [
                -77.74273649499997,
                8.964343572000189
              ],
              [
                -77.74109649199994,
                8.960677663000183
              ],
              [
                -77.74245452799994,
                8.95653499100007
              ],
              [
                -77.74799362399995,
                8.95695693600004
              ],
              [
                -77.75679059899994,
                8.96057490100003
              ],
              [
                -77.76254259699988,
                8.958010039000044
              ],
              [
                -77.76293151699991,
                8.947897775000058
              ],
              [
                -77.75223553799998,
                8.936942460000182
              ],
              [
                -77.74504855899988,
                8.932393937000143
              ],
              [
                -77.73316151099993,
                8.915931041000078
              ],
              [
                -77.7298585389999,
                8.905844593999973
              ],
              [
                -77.72381552199994,
                8.899682051000184
              ],
              [
                -77.71609461499997,
                8.885258304
              ],
              [
                -77.70543652299995,
                8.878895602000057
              ],
              [
                -77.70014150699996,
                8.880078456000092
              ],
              [
                -77.69850954999993,
                8.878250697999988
              ],
              [
                -77.69752450899995,
                8.868838156000152
              ],
              [
                -77.69589255199992,
                8.866551405000052
              ],
              [
                -77.68037463199994,
                8.85861106100009
              ],
              [
                -77.6687695519999,
                8.848345911000024
              ],
              [
                -77.66132357199996,
                8.83897544700011
              ],
              [
                -77.65485358099994,
                8.837867527000128
              ],
              [
                -77.65368665199992,
                8.836036584000055
              ],
              [
                -77.6540985389999,
                8.828683308000052
              ],
              [
                -77.65198562899997,
                8.822953606000056
              ],
              [
                -77.64874250299994,
                8.821595738000156
              ],
              [
                -77.64477551599998,
                8.814039117000107
              ],
              [
                -77.64107557599993,
                8.812914433000117
              ],
              [
                -77.63880156599998,
                8.818440790000068
              ],
              [
                -77.63603956099996,
                8.819147719
              ],
              [
                -77.62606861699999,
                8.810940327000026
              ],
              [
                -77.62144465599994,
                8.810049499000058
              ],
              [
                -77.62915751599996,
                8.824243414000023
              ],
              [
                -77.63776355099998,
                8.834758846
              ],
              [
                -77.63759658299995,
                8.84417708799998
              ],
              [
                -77.63413250999992,
                8.843739050000181
              ],
              [
                -77.63040155799996,
                8.837559408000118
              ],
              [
                -77.62112463499994,
                8.830725139000151
              ],
              [
                -77.61600463299999,
                8.823866563000024
              ],
              [
                -77.6150355179999,
                8.817669822000028
              ],
              [
                -77.61225155199998,
                8.814470282000173
              ],
              [
                -77.60462955199989,
                8.814057054000102
              ],
              [
                -77.60046357899984,
                8.811786229000063
              ],
              [
                -77.5971906129999,
                8.804913907000014
              ],
              [
                -77.59277351799994,
                8.799887279000131
              ],
              [
                -77.58235950599999,
                8.79512652600016
              ],
              [
                -77.57724755099997,
                8.789644091000127
              ],
              [
                -77.57513464099992,
                8.783454558000017
              ],
              [
                -77.58222958699997,
                8.774452897000174
              ],
              [
                -77.58197058599995,
                8.771009276000086
              ],
              [
                -77.57756757199996,
                8.767819459
              ],
              [
                -77.57521862799996,
                8.760484120000172
              ],
              [
                -77.56920662399989,
                8.758223353000062
              ],
              [
                -77.56553652399998,
                8.761459941000169
              ],
              [
                -77.55906653199997,
                8.760120010000037
              ],
              [
                -77.55521353899996,
                8.770479372000125
              ],
              [
                -77.54991952899996,
                8.771660214000121
              ],
              [
                -77.5450595339999,
                8.769620394000071
              ],
              [
                -77.54203064999996,
                8.765044714000055
              ],
              [
                -77.53663655999998,
                8.750605879000034
              ],
              [
                -77.53752856199998,
                8.746694883000089
              ],
              [
                -77.54119849399996,
                8.742768297000111
              ],
              [
                -77.54892761499997,
                8.726185540000188
              ],
              [
                -77.55489351799991,
                8.72155571200011
              ],
              [
                -77.55510759199996,
                8.719028065000145
              ],
              [
                -77.54976664299994,
                8.713317307000125
              ],
              [
                -77.54557049499994,
                8.705761859000063
              ],
              [
                -77.54186250899988,
                8.703257011000119
              ],
              [
                -77.53493452999999,
                8.701920265000012
              ],
              [
                -77.52613856099998,
                8.696228785000187
              ],
              [
                -77.4773406299999,
                8.673080148000054
              ],
              [
                -77.45007362799998,
                8.663355967000086
              ],
              [
                -77.43119054099998,
                8.666445704000182
              ],
              [
                -77.42794758299988,
                8.665084818000025
              ],
              [
                -77.42291257399995,
                8.670395592000148
              ],
              [
                -77.40818758099988,
                8.676217158999975
              ],
              [
                -77.4029235779999,
                8.682905583000036
              ],
              [
                -77.3980865499999,
                8.683391565000136
              ],
              [
                -77.38768762499996,
                8.679312764000088
              ],
              [
                -77.37610651699998,
                8.670416379000187
              ],
              [
                -77.36849960499995,
                8.67091543800018
              ],
              [
                -77.36621050699983,
                8.67391314200006
              ],
              [
                -77.36695850799998,
                8.683786521000115
              ],
              [
                -77.36444058499995,
                8.686785230000169
              ],
              [
                -77.35729249799994,
                8.685904460000131
              ],
              [
                -77.35589556999997,
                8.684073349000073
              ],
              [
                -77.35421751299998,
                8.673517348000189
              ],
              [
                -77.35559063599999,
                8.670983499000045
              ],
              [
                -77.35488152699992,
                8.668001721000053
              ],
              [
                -77.34508559699998,
                8.658200258000079
              ],
              [
                -77.35073064099993,
                8.655216636000148
              ],
              [
                -77.35385155899996,
                8.648826944000064
              ],
              [
                -77.34886952299996,
                8.638326766000091
              ],
              [
                -77.32158659599997,
                8.606474025000068
              ],
              [
                -77.31180558499989,
                8.597097861000066
              ],
              [
                -77.30467962699998,
                8.586627522000128
              ],
              [
                -77.28781858999992,
                8.56995055300007
              ],
              [
                -77.28065457699995,
                8.556306491000043
              ],
              [
                -77.28255458699994,
                8.539891873999977
              ],
              [
                -77.28183759899997,
                8.52721575400011
              ],
              [
                -77.27924356799991,
                8.496063908000053
              ],
              [
                -77.2759395889999,
                8.489766417000112
              ],
              [
                -77.26131450899999,
                8.478870278000159
              ],
              [
                -77.24336265199992,
                8.46008961800004
              ],
              [
                -77.22281659599992,
                8.446628617000101
              ],
              [
                -77.21313449199994,
                8.444117566000102
              ],
              [
                -77.20126353699999,
                8.437935242000151
              ],
              [
                -77.17756655599993,
                8.429268857000125
              ],
              [
                -77.15274053199994,
                8.416384531000062
              ],
              [
                -77.14037353699996,
                8.412849043999984
              ],
              [
                -77.12999757899996,
                8.398711959000138
              ],
              [
                -77.12591559199996,
                8.37444852800013
              ],
              [
                -77.12043751599992,
                8.365005476000022
              ],
              [
                -77.09759548799997,
                8.339400103000173
              ],
              [
                -77.09317051399995,
                8.328885005000018
              ],
              [
                -77.09033960999989,
                8.317819720000102
              ],
              [
                -77.07707960699992,
                8.286802822000084
              ],
              [
                -77.07109056899992,
                8.279478380000114
              ],
              [
                -77.04943860499998,
                8.261780830000077
              ],
              [
                -77.03738358399994,
                8.240787180000154
              ],
              [
                -77.03314250899996,
                8.24401303899998
              ],
              [
                -77.02353651199991,
                8.246246983999981
              ],
              [
                -76.9993815439999,
                8.239464348000126
              ],
              [
                -76.99600263099984,
                8.20398894800013
              ],
              [
                -76.98569456599995,
                8.176056926000058
              ],
              [
                -76.98452763799992,
                8.068854564000162
              ],
              [
                -76.99067660199995,
                8.020962046000022
              ],
              [
                -76.99867260199994,
                7.989545164000106
              ],
              [
                -76.99991664399994,
                7.949958273
              ],
              [
                -76.99287450499992,
                7.913754654000059
              ],
              [
                -76.98599262699992,
                7.892390189000139
              ],
              [
                -76.96894065099997,
                7.852993232000074
              ],
              [
                -76.95887750499992,
                7.844849710000062
              ],
              [
                -76.9321975719999,
                7.840169088000039
              ],
              [
                -76.89887263399993,
                7.837198374000081
              ],
              [
                -76.85561363099993,
                7.839264010000136
              ],
              [
                -76.81577260199998,
                7.851186261000066
              ],
              [
                -76.77096562899999,
                7.866449036
              ],
              [
                -76.75270850299995,
                7.87321474099997
              ],
              [
                -76.73944849999998,
                7.879935183000043
              ],
              [
                -76.71637764699989,
                7.90654035
              ],
              [
                -76.71419550199994,
                7.915536647000181
              ],
              [
                -76.70423863899987,
                7.899888639000039
              ],
              [
                -76.67778753199985,
                7.869829793000065
              ],
              [
                -76.65982863399995,
                7.853701168000043
              ],
              [
                -76.62272664199992,
                7.821454477000145
              ],
              [
                -76.57619450699997,
                7.789340724
              ],
              [
                -76.54510451899995,
                7.762847707000105
              ],
              [
                -76.53076157399988,
                7.753749319000121
              ],
              [
                -76.53174560999997,
                7.752191291000145
              ],
              [
                -76.53099056799994,
                7.747712840000077
              ],
              [
                -76.52816050199988,
                7.742918224
              ],
              [
                -76.5287705369999,
                7.737040498000056
              ],
              [
                -76.53767362699989,
                7.731392939000045
              ],
              [
                -76.53857451399995,
                7.72205851700005
              ],
              [
                -76.5330655919999,
                7.69934707900012
              ],
              [
                -76.53291354399994,
                7.688645904000111
              ],
              [
                -76.53628558399998,
                7.682730292000031
              ],
              [
                -76.54390758399995,
                7.684005347000152
              ],
              [
                -76.54891157999998,
                7.695675470000026
              ],
              [
                -76.5544055819999,
                7.693181687000163
              ],
              [
                -76.55572556399994,
                7.68902107800011
              ],
              [
                -76.56198164899996,
                7.69135074400009
              ],
              [
                -76.5637896259999,
                7.697195445000091
              ],
              [
                -76.56588761599994,
                7.698892277000141
              ],
              [
                -76.57135764599991,
                7.694673498000043
              ],
              [
                -76.56912252799998,
                7.683311493000076
              ],
              [
                -76.5634075779999,
                7.670616262000124
              ],
              [
                -76.56612364999995,
                7.66712536700004
              ],
              [
                -76.57026648999994,
                7.667068538000024
              ],
              [
                -76.57396659699987,
                7.66011206100012
              ],
              [
                -76.56973256299995,
                7.653610554000124
              ],
              [
                -76.56756550499995,
                7.647081051000157
              ],
              [
                -76.56959560199994,
                7.643945214000155
              ],
              [
                -76.56811552599999,
                7.637060653999981
              ],
              [
                -76.55603049799998,
                7.63791879300004
              ],
              [
                -76.55526757699988,
                7.632749841000077
              ],
              [
                -76.56919058899996,
                7.615986370000144
              ],
              [
                -76.56772660499996,
                7.61013747800007
              ],
              [
                -76.55909760399999,
                7.610600662000024
              ],
              [
                -76.55629754499995,
                7.607877884000175
              ],
              [
                -76.55691562699991,
                7.602691330000027
              ],
              [
                -76.56341562499995,
                7.598457631000144
              ],
              [
                -76.56574260899993,
                7.591864929000167
              ],
              [
                -76.56293450399994,
                7.588797152000097
              ],
              [
                -76.55364953399999,
                7.592033070000127
              ],
              [
                -76.54913353299997,
                7.590369095000028
              ],
              [
                -76.54978162099997,
                7.587252368000179
              ],
              [
                -76.55455762999998,
                7.583043646000078
              ],
              [
                -76.55139161699992,
                7.578944058
              ],
              [
                -76.54832451099998,
                7.582092636000084
              ],
              [
                -76.54450957199998,
                7.581110780000074
              ],
              [
                -76.54544063399993,
                7.573501185000055
              ],
              [
                -76.54914861999998,
                7.566890881000063
              ],
              [
                -76.5497435669999,
                7.559978325000088
              ],
              [
                -76.54825561199988,
                7.552747928000031
              ],
              [
                -76.54119855199997,
                7.542141468000182
              ],
              [
                -76.5464855219999,
                7.525495846000126
              ],
              [
                -76.53645355699996,
                7.524251804000187
              ],
              [
                -76.53694155099998,
                7.509744741000077
              ],
              [
                -76.53099056799994,
                7.504301366000107
              ],
              [
                -76.52648965299994,
                7.503673393999975
              ],
              [
                -76.52261352599993,
                7.498201687000119
              ],
              [
                -76.51580054799996,
                7.455481975999987
              ],
              [
                -76.51184060099996,
                7.444141764000165
              ],
              [
                -76.49954954599997,
                7.429805692000059
              ],
              [
                -76.48818955299998,
                7.432377428000052
              ],
              [
                -76.48162048699993,
                7.431775440000138
              ],
              [
                -76.47771452099994,
                7.423887231000037
              ],
              [
                -76.48799157199994,
                7.393019196000125
              ],
              [
                -76.48614453599998,
                7.384410981000087
              ],
              [
                -76.48026261899992,
                7.383800108000116
              ],
              [
                -76.47580763799994,
                7.385931794000101
              ],
              [
                -76.47026854099994,
                7.385315053000113
              ],
              [
                -76.4694975729999,
                7.379456271000151
              ],
              [
                -76.47552449699992,
                7.365564272000086
              ],
              [
                -76.4743656149999,
                7.356601838000188
              ],
              [
                -76.47078654199998,
                7.347672764000151
              ],
              [
                -76.4526595029999,
                7.321626503000061
              ],
              [
                -76.44596051899993,
                7.310615197000061
              ],
              [
                -76.44461052899999,
                7.305321522000042
              ],
              [
                -76.43082464499992,
                7.293021582
              ],
              [
                -76.42543759599988,
                7.278028537000182
              ],
              [
                -76.41831951599988,
                7.270112332000053
              ],
              [
                -76.40770752399999,
                7.271491154999978
              ],
              [
                -76.40370952399996,
                7.268861417000039
              ],
              [
                -76.40233656799995,
                7.260473814000136
              ],
              [
                -76.40361749099998,
                7.251188677000073
              ],
              [
                -76.40756955799992,
                7.245425112000078
              ],
              [
                -76.4075315039999,
                7.237471524000114
              ],
              [
                -76.40354155099999,
                7.236167636000062
              ],
              [
                -76.39380664099991,
                7.236216754000054
              ],
              [
                -76.38845865099984,
                7.229174279000063
              ],
              [
                -76.39371460699994,
                7.218544014000088
              ],
              [
                -76.39102954799984,
                7.211487625000188
              ],
              [
                -76.38703154799998,
                7.208857719000036
              ],
              [
                -76.38302650699995,
                7.203574940000181
              ],
              [
                -76.38165254599988,
                7.195186667000087
              ],
              [
                -76.38429250999991,
                7.192522730000178
              ],
              [
                -76.39667559799989,
                7.191135023000015
              ],
              [
                -76.39797261399991,
                7.184501584000145
              ],
              [
                -76.39661457799991,
                7.178764004000072
              ],
              [
                -76.39792651399995,
                7.176105935000123
              ],
              [
                -76.40188562199995,
                7.172109276000128
              ],
              [
                -76.41250649899996,
                7.172055464000096
              ],
              [
                -76.41556555799991,
                7.16541280600012
              ],
              [
                -76.42353859199989,
                7.16669758400019
              ],
              [
                -76.43027462499998,
                7.186987154000121
              ],
              [
                -76.44136052999994,
                7.192232717000081
              ],
              [
                -76.45196564899999,
                7.189526200000046
              ],
              [
                -76.45635961099998,
                7.18420251800012
              ],
              [
                -76.45630663699995,
                7.173156176000077
              ],
              [
                -76.46155555199994,
                7.162526077999985
              ],
              [
                -76.46952858599997,
                7.163809012000115
              ],
              [
                -76.47396060099993,
                7.165111728000056
              ],
              [
                -76.47663861999996,
                7.170400541000049
              ],
              [
                -76.48611452899996,
                7.205695897000055
              ],
              [
                -76.49147760599999,
                7.215386048000084
              ],
              [
                -76.49990862699991,
                7.22064368000008
              ],
              [
                -76.50254859099994,
                7.217978906000042
              ],
              [
                -76.4985044899999,
                7.206071909000116
              ],
              [
                -76.49437757699997,
                7.178700804000187
              ],
              [
                -76.49432359699995,
                7.168982491000122
              ],
              [
                -76.49959564699986,
                7.162327092000055
              ],
              [
                -76.50932351599988,
                7.160950280000179
              ],
              [
                -76.51200857499998,
                7.166237920000185
              ],
              [
                -76.51203958799988,
                7.171981200000175
              ],
              [
                -76.51471760599998,
                7.177268840000181
              ],
              [
                -76.51737952999997,
                7.178579937000052
              ],
              [
                -76.52141558499994,
                7.189603984000087
              ],
              [
                -76.52275065399994,
                7.190921116000027
              ],
              [
                -76.52673356699995,
                7.190899994000063
              ],
              [
                -76.53246360299994,
                7.186893109000039
              ],
              [
                -76.53514061599992,
                7.190855067000143
              ],
              [
                -76.53655263099995,
                7.207193743
              ],
              [
                -76.53527053499994,
                7.215153199000099
              ],
              [
                -76.53662857099994,
                7.220888935
              ],
              [
                -76.53929150199991,
                7.222200870000108
              ],
              [
                -76.54455550499989,
                7.213778231
              ],
              [
                -76.54714953599995,
                7.203160204000142
              ],
              [
                -76.55284151899997,
                7.19208603300001
              ],
              [
                -76.55812848799991,
                7.188081160000024
              ],
              [
                -76.56076057299998,
                7.184090368000057
              ],
              [
                -76.55941058399998,
                7.179680649000147
              ],
              [
                -76.5554125839999,
                7.177050910999981
              ],
              [
                -76.54435752399996,
                7.177110087000074
              ],
              [
                -76.54169459299999,
                7.175799995000034
              ],
              [
                -76.53767362699989,
                7.16919354700002
              ],
              [
                -76.53762853199999,
                7.160800244000029
              ],
              [
                -76.54425057099996,
                7.158114515000136
              ],
              [
                -76.56902362099999,
                7.157981243000108
              ],
              [
                -76.57165553899995,
                7.153990786000065
              ],
              [
                -76.57163961299989,
                7.15133975800012
              ],
              [
                -76.56452153299995,
                7.144310191000159
              ],
              [
                -76.5552065569999,
                7.139057588000128
              ],
              [
                -76.54150365399988,
                7.140457701000059
              ],
              [
                -76.53884156099997,
                7.139145765000023
              ],
              [
                -76.53616354299999,
                7.133858125000074
              ],
              [
                -76.54845459799992,
                7.117446359000155
              ],
              [
                -76.54839357799995,
                7.105077184000038
              ],
              [
                -76.55361164799996,
                7.088703472000077
              ],
              [
                -76.56155350099988,
                7.086009528000091
              ],
              [
                -76.56600160999994,
                7.089961260000052
              ],
              [
                -76.57137256599998,
                7.102303445000132
              ],
              [
                -76.57140357899988,
                7.107604161000097
              ],
              [
                -76.57410456299993,
                7.115984555000182
              ],
              [
                -76.57942958599995,
                7.119932264000056
              ],
              [
                -76.58517454299994,
                7.118575066000062
              ],
              [
                -76.58908855599998,
                7.106184099000188
              ],
              [
                -76.5943606059999,
                7.099528700000121
              ],
              [
                -76.59700056999992,
                7.098189607000052
              ],
              [
                -76.59429153899998,
                7.087159525000118
              ],
              [
                -76.58629654399988,
                7.080575876000125
              ],
              [
                -76.57781254999992,
                7.065601103
              ],
              [
                -76.57511156499999,
                7.056337759000087
              ],
              [
                -76.57506563199996,
                7.047944288000053
              ],
              [
                -76.57769050899998,
                7.042629826000166
              ],
              [
                -76.58077253499988,
                7.039961867000102
              ],
              [
                -76.58071855499986,
                7.030242715000099
              ],
              [
                -76.58333555299993,
                7.023602068000173
              ],
              [
                -76.58863056899992,
                7.02224822300019
              ],
              [
                -76.59130053999996,
                7.024886176000052
              ],
              [
                -76.59849556599983,
                7.046494387000109
              ],
              [
                -76.60243958699994,
                7.041170872000066
              ],
              [
                -76.60234855899995,
                7.023501150000186
              ],
              [
                -76.59516862099997,
                7.00454245800006
              ],
              [
                -76.5951386139999,
                6.998800016000075
              ],
              [
                -76.59821359899996,
                6.994806207000124
              ],
              [
                -76.5968555629999,
                6.988187688999972
              ],
              [
                -76.59240762199988,
                6.984236124000176
              ],
              [
                -76.57071659799988,
                6.978607341000099
              ],
              [
                -76.56402549199998,
                6.968040276000181
              ],
              [
                -76.56263761699995,
                6.955677974000139
              ],
              [
                -76.56659655699997,
                6.953005153000049
              ],
              [
                -76.57058751699998,
                6.954310048000139
              ],
              [
                -76.57325748799997,
                6.958272006000186
              ],
              [
                -76.57902557899996,
                6.96089269200013
              ],
              [
                -76.59094950599996,
                6.959503643000062
              ],
              [
                -76.60068558999984,
                6.960777524000036
              ],
              [
                -76.6059645119999,
                6.955447975000027
              ],
              [
                -76.59387965199988,
                6.928564026000117
              ],
              [
                -76.59251356999994,
                6.920177597000134
              ],
              [
                -76.59515353399996,
                6.9175119840001
              ],
              [
                -76.60711652099991,
                6.922750506000114
              ],
              [
                -76.61692049799984,
                6.937719244000164
              ],
              [
                -76.6261905479999,
                6.935017421000168
              ],
              [
                -76.63191253799994,
                6.93101187700006
              ],
              [
                -76.63586460499994,
                6.925690207000059
              ],
              [
                -76.65422851699992,
                6.889459933000182
              ],
              [
                -76.65817253799997,
                6.875596936000022
              ],
              [
                -76.66426064899991,
                6.866882439000108
              ],
              [
                -76.66403148799998,
                6.850314769000079
              ],
              [
                -76.66846450899993,
                6.847149092000109
              ],
              [
                -76.67108955299994,
                6.83710053100009
              ],
              [
                -76.66775556699997,
                6.820573933000105
              ],
              [
                -76.65284751399997,
                6.814906257000132
              ],
              [
                -76.64863560799995,
                6.809438574000069
              ],
              [
                -76.66049164299989,
                6.79408879500005
              ],
              [
                -76.66030858199997,
                6.78097161900007
              ],
              [
                -76.64574452199997,
                6.749751042000128
              ],
              [
                -76.64810151299997,
                6.745921350000174
              ],
              [
                -76.65155753999994,
                6.746220417000131
              ],
              [
                -76.65632650699996,
                6.742358706000118
              ],
              [
                -76.65555553999997,
                6.73615391800007
              ],
              [
                -76.65134463899989,
                6.730687241000112
              ],
              [
                -76.64943658299995,
                6.717593200000181
              ],
              [
                -76.65054349699994,
                6.697900756000138
              ],
              [
                -76.64794963299994,
                6.684469762000106
              ],
              [
                -76.6423416369999,
                6.677639349000117
              ],
              [
                -76.63945055099998,
                6.668357062000098
              ],
              [
                -76.6386266099999,
                6.658355608000022
              ],
              [
                -76.63573451799988,
                6.648382316000095
              ],
              [
                -76.63043262899998,
                6.638785037000162
              ],
              [
                -76.61745459299988,
                6.622385340999983
              ],
              [
                -76.61451757399988,
                6.60930420699998
              ],
              [
                -76.62485463999997,
                6.583619206000151
              ],
              [
                -76.62166549399996,
                6.577446437
              ],
              [
                -76.61508955499994,
                6.575462608000123
              ],
              [
                -76.61021463999992,
                6.571729141
              ],
              [
                -76.60981750599996,
                6.567591331000131
              ],
              [
                -76.61524964999995,
                6.56164973500006
              ],
              [
                -76.62213152699996,
                6.560522704000107
              ],
              [
                -76.63343854699991,
                6.555541172000062
              ],
              [
                -76.63506362999988,
                6.548614702
              ],
              [
                -76.62876161299994,
                6.541447169000037
              ],
              [
                -76.63041653599998,
                6.536591532000159
              ],
              [
                -76.63351465499989,
                6.536205462
              ],
              [
                -76.63553653699995,
                6.532726805000038
              ],
              [
                -76.63648955999992,
                6.526499218000026
              ],
              [
                -76.64027365399994,
                6.526104263000093
              ],
              [
                -76.64997050999989,
                6.529775201000064
              ],
              [
                -76.65576156699996,
                6.524518574000069
              ],
              [
                -76.65934751299994,
                6.509280610000133
              ],
              [
                -76.65859263899989,
                6.504802829000141
              ],
              [
                -76.66053757499998,
                6.495455666000055
              ],
              [
                -76.66010255499987,
                6.489247023000189
              ],
              [
                -76.65133659299994,
                6.477969843000039
              ],
              [
                -76.6525955539999,
                6.469321395000179
              ],
              [
                -76.66167449699998,
                6.452285680000045
              ],
              [
                -76.6594695529999,
                6.442302330000018
              ],
              [
                -76.64001465299992,
                6.43047412400017
              ],
              [
                -76.63648955999992,
                6.42499671700017
              ],
              [
                -76.63982354599983,
                6.416666447000182
              ],
              [
                -76.65002448899997,
                6.40617616000003
              ],
              [
                -76.65263360799997,
                6.395438942000169
              ],
              [
                -76.64960455599999,
                6.375110480000046
              ],
              [
                -76.63130954399998,
                6.346692307000126
              ],
              [
                -76.62047559899992,
                6.335441279000065
              ],
              [
                -76.61796555399997,
                6.327877785000055
              ],
              [
                -76.60817750299987,
                6.317647672000135
              ],
              [
                -76.60568958599998,
                6.311809844000095
              ],
              [
                -76.60527049099994,
                6.306290361000038
              ],
              [
                -76.60756662899996,
                6.297285179000141
              ],
              [
                -76.6057586529999,
                6.29109346700011
              ],
              [
                -76.59907559399994,
                6.280822283000077
              ],
              [
                -76.5872576129999,
                6.273033819000148
              ],
              [
                -76.58236660499995,
                6.267573176000099
              ],
              [
                -76.58368658699993,
                6.26341357300015
              ],
              [
                -76.59636656299995,
                6.258415947000174
              ],
              [
                -76.59804562599999,
                6.255286144000081
              ],
              [
                -76.5966106439999,
                6.250816411000187
              ],
              [
                -76.57367658299995,
                6.246547843000144
              ],
              [
                -76.55594651099995,
                6.231610788000182
              ],
              [
                -76.54930854699995,
                6.228548879000016
              ],
              [
                -76.54578362099988,
                6.228566146000105
              ],
              [
                -76.51536552699991,
                6.23975313699998
              ],
              [
                -76.50040449999989,
                6.25175049000012
              ],
              [
                -76.49645964099989,
                6.257069980999972
              ],
              [
                -76.48420764599996,
                6.281869183000026
              ],
              [
                -76.47888949599991,
                6.277474551000182
              ],
              [
                -76.47885864999995,
                6.270847818000163
              ],
              [
                -76.47618851099998,
                6.265557496000156
              ],
              [
                -76.47042058799997,
                6.259840871000108
              ],
              [
                -76.4651106529999,
                6.257212809000066
              ],
              [
                -76.45977758299989,
                6.249284534000026
              ],
              [
                -76.46240950099997,
                6.24529575400004
              ],
              [
                -76.47077950199991,
                6.240840270000149
              ],
              [
                -76.48004955099998,
                6.240798025000117
              ],
              [
                -76.48665650299995,
                6.236791475000075
              ],
              [
                -76.49103554399994,
                6.230143955000187
              ],
              [
                -76.4936525419999,
                6.222179639000103
              ],
              [
                -76.49492659099997,
                6.211128267000163
              ],
              [
                -76.49886357099996,
                6.20448376500002
              ],
              [
                -76.51383264399993,
                6.194694372000129
              ],
              [
                -76.51513653299997,
                6.190712633000089
              ],
              [
                -76.51115462599995,
                6.188079039000172
              ],
              [
                -76.50453158199997,
                6.188109046000079
              ],
              [
                -76.50451649399997,
                6.184133342000109
              ],
              [
                -76.50978049699995,
                6.177040743000077
              ],
              [
                -76.50842262899994,
                6.170419375000051
              ],
              [
                -76.48541262799989,
                6.158152292000182
              ],
              [
                -76.46728558899991,
                6.151606695999988
              ],
              [
                -76.46461461199993,
                6.147199827000179
              ],
              [
                -76.47251857899994,
                6.137886526000045
              ],
              [
                -76.50646260499997,
                6.126687465000089
              ],
              [
                -76.54036757099993,
                6.109303733000047
              ],
              [
                -76.5566405329999,
                6.096858619000102
              ],
              [
                -76.56059259999995,
                6.09153795400016
              ],
              [
                -76.55921159799993,
                6.07917498200004
              ],
              [
                -76.54814949699988,
                6.073923217000129
              ],
              [
                -76.54020663799997,
                6.073959427000091
              ],
              [
                -76.52787048799996,
                6.077991961000123
              ],
              [
                -76.51990550099998,
                6.074051293000025
              ],
              [
                -76.51850153199996,
                6.056385761000172
              ],
              [
                -76.52508551699992,
                6.047961110000074
              ],
              [
                -76.5387116419999,
                6.035529072000088
              ],
              [
                -76.54527249299997,
                6.02357111300006
              ],
              [
                -76.54524265299989,
                6.016501481000034
              ],
              [
                -76.54387656999995,
                6.007230090000064
              ],
              [
                -76.53721664499994,
                5.997539939000035
              ],
              [
                -76.52217850499983,
                5.990980430000093
              ],
              [
                -76.50759851999999,
                5.987068762999968
              ],
              [
                -76.50050357399994,
                5.978705468000157
              ],
              [
                -76.50049552799999,
                5.976054607000094
              ],
              [
                -76.5114825259999,
                5.966728231000104
              ],
              [
                -76.51673864999992,
                5.956984939000051
              ],
              [
                -76.51671551599998,
                5.95168237900009
              ],
              [
                -76.51008559799999,
                5.949061526000037
              ],
              [
                -76.49374356899989,
                5.946039682000105
              ],
              [
                -76.47991963199996,
                5.913405245000092
              ],
              [
                -76.46798665099993,
                5.909480503000054
              ],
              [
                -76.45297952399994,
                5.908218523000073
              ],
              [
                -76.45164462199995,
                5.904247848000068
              ],
              [
                -76.45426161999995,
                5.898492331000057
              ],
              [
                -76.47447156199996,
                5.878081726000119
              ],
              [
                -76.47577662499992,
                5.87277396900015
              ],
              [
                -76.46649953399998,
                5.870163342000069
              ],
              [
                -76.46516463199993,
                5.86751834800009
              ],
              [
                -76.46646164799995,
                5.861769032999973
              ],
              [
                -76.47704363299994,
                5.860398089000057
              ],
              [
                -76.48673260999988,
                5.856380140000056
              ],
              [
                -76.49201153299992,
                5.852380464000078
              ],
              [
                -76.49332464199995,
                5.849724908999974
              ],
              [
                -76.49198152599996,
                5.844428049000157
              ],
              [
                -76.48536652799999,
                5.845782062000183
              ],
              [
                -76.47833260199997,
                5.851113790000056
              ],
              [
                -76.47039762199995,
                5.852473503000056
              ],
              [
                -76.46903958599995,
                5.84585213500003
              ],
              [
                -76.48133064099994,
                5.830777282000156
              ],
              [
                -76.4826045229999,
                5.819725910000045
              ],
              [
                -76.44862361699995,
                5.817218212000057
              ],
              [
                -76.4433215599999,
                5.814589480000166
              ],
              [
                -76.44020852099999,
                5.808858772000121
              ],
              [
                -76.4498674909999,
                5.796888577000061
              ],
              [
                -76.45114154099997,
                5.785838545999979
              ],
              [
                -76.46342454899997,
                5.769437508000124
              ],
              [
                -76.46597264799993,
                5.745126301000028
              ],
              [
                -76.46587357399989,
                5.722151169000142
              ],
              [
                -76.46316554799984,
                5.707140186000061
              ],
              [
                -76.46050261799996,
                5.70317454000002
              ],
              [
                -76.45652758399996,
                5.701423561000183
              ],
              [
                -76.44683055999997,
                5.702789643000074
              ],
              [
                -76.44155163799991,
                5.707229202000121
              ],
              [
                -76.43626349499988,
                5.708577180000134
              ],
              [
                -76.41157560499994,
                5.711328791000142
              ],
              [
                -76.40761549099994,
                5.713995577000162
              ],
              [
                -76.39968151699992,
                5.715353613000104
              ],
              [
                -76.39394360099999,
                5.714050730000054
              ],
              [
                -76.39523357599995,
                5.705650387000162
              ],
              [
                -76.39960457099994,
                5.696353012000145
              ],
              [
                -76.39826162199995,
                5.69105749300013
              ],
              [
                -76.39956651699998,
                5.686632854000038
              ],
              [
                -76.40220664899994,
                5.683970762000058
              ],
              [
                -76.41584752599988,
                5.677288373000067
              ],
              [
                -76.41712157499995,
                5.663586308999982
              ],
              [
                -76.41577963199995,
                5.659614795000039
              ],
              [
                -76.41135365199995,
                5.65565602200013
              ],
              [
                -76.3923946249999,
                5.658382656000128
              ],
              [
                -76.3870845219999,
                5.652659324000183
              ],
              [
                -76.39540054299994,
                5.638045309000063
              ],
              [
                -76.39096852799992,
                5.630992775000095
              ],
              [
                -76.38302650699995,
                5.63102378800005
              ],
              [
                -76.38038654299993,
                5.632360702000028
              ],
              [
                -76.36414358799988,
                5.651425341000106
              ],
              [
                -76.34121656799988,
                5.654166055000019
              ],
              [
                -76.33153563799993,
                5.659947725000052
              ],
              [
                -76.32492063999996,
                5.661298720000161
              ],
              [
                -76.32357752399997,
                5.655559966000169
              ],
              [
                -76.32489750599996,
                5.654229255000132
              ],
              [
                -76.32090755199994,
                5.648941447000141
              ],
              [
                -76.31955756299999,
                5.641878018
              ],
              [
                -76.32217456099994,
                5.635238377000178
              ],
              [
                -76.32480664599996,
                5.631251776000113
              ],
              [
                -76.32744560399993,
                5.629917042000159
              ],
              [
                -76.33846260999991,
                5.627221925000185
              ],
              [
                -76.34504659499999,
                5.618800793999981
              ],
              [
                -76.33531151799997,
                5.609558237000101
              ],
              [
                -76.3137205729999,
                5.614944951000098
              ],
              [
                -76.30315350799992,
                5.621612420000133
              ],
              [
                -76.29742464499992,
                5.622960230000103
              ],
              [
                -76.29212962899987,
                5.621654329000137
              ],
              [
                -76.29606660899992,
                5.612361313000179
              ],
              [
                -76.30177351099996,
                5.60659473100003
              ],
              [
                -76.32333360999996,
                5.593255435000174
              ],
              [
                -76.33962249799998,
                5.584798263000096
              ],
              [
                -76.35857364599991,
                5.580747624000082
              ],
              [
                -76.39115862999995,
                5.567364575000056
              ],
              [
                -76.39378350699997,
                5.562935745000061
              ],
              [
                -76.3893665789999,
                5.560302151000087
              ],
              [
                -76.37613658299995,
                5.560353951000138
              ],
              [
                -76.37214662899993,
                5.555066479000175
              ],
              [
                -76.37477150599995,
                5.549753861000056
              ],
              [
                -76.38400249599988,
                5.542648186
              ],
              [
                -76.40029959799989,
                5.537281588999974
              ],
              [
                -76.40293855599992,
                5.534621005000133
              ],
              [
                -76.39497356899994,
                5.529349291000017
              ],
              [
                -76.39759861399995,
                5.523594612000068
              ],
              [
                -76.40421260599999,
                5.523569801
              ],
              [
                -76.41522257099996,
                5.519548835000023
              ],
              [
                -76.42181359699998,
                5.51289645300011
              ],
              [
                -76.42310357199995,
                5.504496110000048
              ],
              [
                -76.41777754299989,
                5.49656381200009
              ],
              [
                -76.4014355139999,
                5.488231194000093
              ],
              [
                -76.39613362499989,
                5.486927473000094
              ],
              [
                -76.38816863699998,
                5.479003892000094
              ],
              [
                -76.37978354899997,
                5.476384212000028
              ],
              [
                -76.37316855099994,
                5.477736046000189
              ],
              [
                -76.36084748899992,
                5.483085712000104
              ],
              [
                -76.35554459399992,
                5.480453794000141
              ],
              [
                -76.35152463299994,
                5.466770840000095
              ],
              [
                -76.34446757299992,
                5.466797997000128
              ],
              [
                -76.34052254699992,
                5.472115477000102
              ],
              [
                -76.33921061099988,
                5.476097048000099
              ],
              [
                -76.33262662599998,
                5.483192497000175
              ],
              [
                -76.32826250499988,
                5.4964647380001
              ],
              [
                -76.31904559599997,
                5.507546787000138
              ],
              [
                -76.31381964699995,
                5.525241488000063
              ],
              [
                -76.30545752499995,
                5.529250385000182
              ],
              [
                -76.30279560099996,
                5.526609582000106
              ],
              [
                -76.30012562899992,
                5.519989890000033
              ],
              [
                -76.3014295179999,
                5.514240408000035
              ],
              [
                -76.2987285339999,
                5.499227581000184
              ],
              [
                -76.28901658999996,
                5.496611757000096
              ],
              [
                -76.27848053799994,
                5.510348690000058
              ],
              [
                -76.27143856499993,
                5.513027379000107
              ],
              [
                -76.26614354999998,
                5.511720472000093
              ],
              [
                -76.26480060099993,
                5.506422942000142
              ],
              [
                -76.27442956399995,
                5.487386299000093
              ],
              [
                -76.27572657999997,
                5.480310966000047
              ],
              [
                -76.27439150999993,
                5.477663961000133
              ],
              [
                -76.27130864599991,
                5.477676031000101
              ],
              [
                -76.26470957399988,
                5.483001557000023
              ],
              [
                -76.26074962699988,
                5.484342494000032
              ],
              [
                -76.25678263999993,
                5.48435640800011
              ],
              [
                -76.25368452099991,
                5.481716612000184
              ],
              [
                -76.25101454999998,
                5.476423104000048
              ],
              [
                -76.24705460299998,
                5.477764041000057
              ],
              [
                -76.24441564499995,
                5.479098105000162
              ],
              [
                -76.24047061799996,
                5.487066445000096
              ],
              [
                -76.23476455399998,
                5.49283202099997
              ],
              [
                -76.22682957399996,
                5.494186872000114
              ],
              [
                -76.19861558499991,
                5.496938651000107
              ],
              [
                -76.19551863899994,
                5.495624704000022
              ],
              [
                -76.19285554099997,
                5.489889135000055
              ],
              [
                -76.19416864999988,
                5.487232239000093
              ],
              [
                -76.21044949099996,
                5.476569117000167
              ],
              [
                -76.21171549399998,
                5.460214515000189
              ],
              [
                -76.21492760699994,
                5.456361522000179
              ],
              [
                -76.22241951899997,
                5.448756118000063
              ],
              [
                -76.23085053999995,
                5.443043516000102
              ],
              [
                -76.24294260899995,
                5.43844889200011
              ],
              [
                -76.24555155999997,
                5.42871750300003
              ],
              [
                -76.2591096239999,
                5.39596806600008
              ],
              [
                -76.26569360899992,
                5.387990506000108
              ],
              [
                -76.27667960199989,
                5.378671338000174
              ],
              [
                -76.28328655299998,
                5.375553438000111
              ],
              [
                -76.29033657199994,
                5.375527621000174
              ],
              [
                -76.29167952099993,
                5.379942202000166
              ],
              [
                -76.29170952799984,
                5.387896627999964
              ],
              [
                -76.28907760999994,
                5.393208408000021
              ],
              [
                -76.2891235429999,
                5.404255421000187
              ],
              [
                -76.29045056599995,
                5.405576241000063
              ],
              [
                -76.30101763099992,
                5.40156080700018
              ],
              [
                -76.32125858599994,
                5.390439362000052
              ],
              [
                -76.3322526259999,
                5.382445206000114
              ],
              [
                -76.34277359099991,
                5.367382088000113
              ],
              [
                -76.34010361899988,
                5.36076373700007
              ],
              [
                -76.32815555199994,
                5.348435466000069
              ],
              [
                -76.31977063099993,
                5.345813775000124
              ],
              [
                -76.31709261299994,
                5.337428519000184
              ],
              [
                -76.32103763899994,
                5.330786028000091
              ],
              [
                -76.33334361399994,
                5.320134641000152
              ],
              [
                -76.33991955299996,
                5.310390343000165
              ],
              [
                -76.34163650199997,
                5.29668542800016
              ],
              [
                -76.34030159999992,
                5.292713580000168
              ],
              [
                -76.3358766259999,
                5.290077806000056
              ],
              [
                -76.32662954199998,
                5.292763703000105
              ],
              [
                -76.32399762499989,
                5.295424454999988
              ],
              [
                -76.32270848799999,
                5.305150815000104
              ],
              [
                -76.31964858999993,
                5.313115300000106
              ],
              [
                -76.31172953599992,
                5.315794826000172
              ],
              [
                -76.30641959999997,
                5.311837395000168
              ],
              [
                -76.30201759199997,
                5.313179170000069
              ],
              [
                -76.2862016119999,
                5.328260058000183
              ],
              [
                -76.27519952499989,
                5.334928532
              ],
              [
                -76.26988254899999,
                5.325667367000165
              ],
              [
                -76.28041055499995,
                5.310605255000041
              ],
              [
                -76.28039563499993,
                5.306628545000137
              ],
              [
                -76.27774058299991,
                5.304869686000188
              ],
              [
                -76.2698215289999,
                5.307991442
              ],
              [
                -76.26141364199992,
                5.299625297000148
              ],
              [
                -76.25215163899992,
                5.298331131000168
              ],
              [
                -76.24816855799997,
                5.294368503000044
              ],
              [
                -76.23580156299988,
                5.288666797000076
              ],
              [
                -76.22478455699996,
                5.290030700000045
              ],
              [
                -76.21424850499994,
                5.301116102000094
              ],
              [
                -76.20587163099998,
                5.302468942000132
              ],
              [
                -76.20188150999996,
                5.294528597000124
              ],
              [
                -76.20756561299999,
                5.280809433000115
              ],
              [
                -76.21942852099994,
                5.271047366000175
              ],
              [
                -76.22339651399994,
                5.269708441000148
              ],
              [
                -76.23379560599994,
                5.259410099000036
              ],
              [
                -76.25467660299995,
                5.264295910000044
              ],
              [
                -76.27230860699996,
                5.264233884000078
              ],
              [
                -76.29653163699993,
                5.25752014700015
              ],
              [
                -76.30358148799996,
                5.257495337000023
              ],
              [
                -76.31993055799984,
                5.267158666000114
              ],
              [
                -76.33714262799987,
                5.273724210000182
              ],
              [
                -76.35346252899996,
                5.27631572700011
              ],
              [
                -76.38211857999988,
                5.277535797000155
              ],
              [
                -76.39711749199995,
                5.280573566000044
              ],
              [
                -76.41165154499998,
                5.277867888000173
              ],
              [
                -76.41296364799996,
                5.273444087000144
              ],
              [
                -76.40898157299989,
                5.270808146000093
              ],
              [
                -76.39401249999997,
                5.276166026000055
              ],
              [
                -76.39004551299996,
                5.274855935000119
              ],
              [
                -76.38870960499997,
                5.27088425400018
              ],
              [
                -76.39134252899999,
                5.268222497000124
              ],
              [
                -76.39574453699993,
                5.266880722000053
              ],
              [
                -76.39837662199994,
                5.26289495900005
              ],
              [
                -76.39704155199996,
                5.260248122000178
              ],
              [
                -76.39395164799993,
                5.258492281000088
              ],
              [
                -76.39261657799995,
                5.254520600000035
              ],
              [
                -76.39700349799995,
                5.250527796000029
              ],
              [
                -76.43492155199988,
                5.251710650000064
              ],
              [
                -76.45517759499995,
                5.247656827000071
              ],
              [
                -76.47276249199996,
                5.235660815000188
              ],
              [
                -76.48906764099996,
                5.234271933000173
              ],
              [
                -76.49034152199994,
                5.221895718000155
              ],
              [
                -76.49164557899996,
                5.217915320000145
              ],
              [
                -76.49559764599991,
                5.213481628000125
              ],
              [
                -76.50485260899995,
                5.213887480000153
              ],
              [
                -76.50796564699988,
                5.220503818999987
              ],
              [
                -76.51859255999995,
                5.234158106999985
              ],
              [
                -76.53227249599996,
                5.238080838000144
              ],
              [
                -76.53490458099992,
                5.235419919000151
              ],
              [
                -76.53488949399991,
                5.231443041000091
              ],
              [
                -76.52557351099989,
                5.215133366000032
              ],
              [
                -76.51849365299995,
                5.209416908000094
              ],
              [
                -76.50789658099995,
                5.204155084000092
              ],
              [
                -76.50655363199996,
                5.197533716000066
              ],
              [
                -76.50785064799999,
                5.191784234000067
              ],
              [
                -76.5104906119999,
                5.189124320000076
              ],
              [
                -76.5157775809999,
                5.189103198000112
              ],
              [
                -76.51977558099998,
                5.197482754000134
              ],
              [
                -76.52243063299989,
                5.200122551000106
              ],
              [
                -76.52551249099997,
                5.200111487000072
              ],
              [
                -76.52682459399995,
                5.197455765000086
              ],
              [
                -76.52548265199994,
                5.193042022000043
              ],
              [
                -76.52679458699993,
                5.190385294000123
              ],
              [
                -76.53339349199996,
                5.187709455000174
              ],
              [
                -76.53609464399989,
                5.20139542700008
              ],
              [
                -76.54006950999997,
                5.202705351000134
              ],
              [
                -76.54270159499998,
                5.20136944300009
              ],
              [
                -76.545768534,
                5.196055819000094
              ],
              [
                -76.54309051599984,
                5.186346390000097
              ],
              [
                -76.53998552299998,
                5.182381750000161
              ],
              [
                -76.53598064999989,
                5.171352506000062
              ],
              [
                -76.53200561599988,
                5.168717739000158
              ],
              [
                -76.52407851499999,
                5.171398439000086
              ],
              [
                -76.50341762699998,
                5.185174600000096
              ],
              [
                -76.49156963899998,
                5.197590713000068
              ],
              [
                -76.47657759899994,
                5.19588063700013
              ],
              [
                -76.46294359599995,
                5.204327081000031
              ],
              [
                -76.45899957499995,
                5.208318879000103
              ],
              [
                -76.44535065099996,
                5.213672400000121
              ],
              [
                -76.4277265259999,
                5.213738450000051
              ],
              [
                -76.42243151099996,
                5.212432549000084
              ],
              [
                -76.42108152099996,
                5.20448432600017
              ],
              [
                -76.44258864699992,
                5.182311845000129
              ],
              [
                -76.45753458599995,
                5.170325723000133
              ],
              [
                -76.47116858999993,
                5.163647023000181
              ],
              [
                -76.47775257399991,
                5.156552580000152
              ],
              [
                -76.48474861399995,
                5.142828555000165
              ],
              [
                -76.51031459199999,
                5.14449957100004
              ],
              [
                -76.51953854099997,
                5.136070226000072
              ],
              [
                -76.51951557499996,
                5.130767666000111
              ],
              [
                -76.51554154699994,
                5.128131893000045
              ],
              [
                -76.50498956899992,
                5.134799362000081
              ],
              [
                -76.49793954999996,
                5.133501508000165
              ],
              [
                -76.49792462999989,
                5.130849641000054
              ],
              [
                -76.50363153299992,
                5.12420094800018
              ],
              [
                -76.50361661299985,
                5.119782512000143
              ],
              [
                -76.50052654099994,
                5.118468565000057
              ],
              [
                -76.49392662999992,
                5.121144236000021
              ],
              [
                -76.48995260199985,
                5.119834480000179
              ],
              [
                -76.4938885759999,
                5.111867145000076
              ],
              [
                -76.48991354299989,
                5.109229025000104
              ],
              [
                -76.48727458399998,
                5.110565939000082
              ],
              [
                -76.48596164299994,
                5.113221996
              ],
              [
                -76.48155963499994,
                5.114563771000121
              ],
              [
                -76.48021651899995,
                5.109266073000185
              ],
              [
                -76.48460360699994,
                5.103506532000154
              ],
              [
                -76.48326853699996,
                5.099534851000044
              ],
              [
                -76.47092450799994,
                5.098256108000044
              ],
              [
                -76.46562161399999,
                5.094298341000012
              ],
              [
                -76.46559864699998,
                5.088554558000055
              ],
              [
                -76.47220660399995,
                5.087203898000041
              ],
              [
                -76.48983760199991,
                5.088464704000103
              ],
              [
                -76.52114853699987,
                5.095416319000151
              ],
              [
                -76.52510865099998,
                5.094075382000142
              ],
              [
                -76.52510060399993,
                5.091424354000026
              ],
              [
                -76.51979854799998,
                5.087468934000128
              ],
              [
                -76.48848761299996,
                5.080516145000104
              ],
              [
                -76.45323165199989,
                5.079321220999987
              ],
              [
                -76.44925661799988,
                5.078011464999975
              ],
              [
                -76.44660156699996,
                5.073601746000065
              ],
              [
                -76.44791450799988,
                5.070945856000094
              ],
              [
                -76.45318555199998,
                5.068276220000143
              ],
              [
                -76.48050653299998,
                5.068175134000171
              ],
              [
                -76.49240162699988,
                5.066804357000137
              ],
              [
                -76.55187961199988,
                5.067021281000166
              ],
              [
                -76.55628161999988,
                5.065680512000142
              ],
              [
                -76.56550556899992,
                5.057249994000188
              ],
              [
                -76.56415557899999,
                5.049302608000062
              ],
              [
                -76.55882250999997,
                5.038277388000154
              ],
              [
                -76.55306263299997,
                5.030346933999965
              ],
              [
                -76.55039249399994,
                5.02196251700002
              ],
              [
                -76.56136356699989,
                5.010876444000132
              ],
              [
                -76.57894863299998,
                5.001531125000099
              ],
              [
                -76.58815749399992,
                4.990449912999964
              ],
              [
                -76.58418262799995,
                4.986489296000116
              ],
              [
                -76.55735064699996,
                4.998962406999965
              ],
              [
                -76.54898064699995,
                4.998993420000147
              ],
              [
                -76.54631050799998,
                4.991933678000123
              ],
              [
                -76.5476226109999,
                4.987952944000085
              ],
              [
                -76.55463457599996,
                4.97864869700004
              ],
              [
                -76.55593159099993,
                4.971574370000098
              ],
              [
                -76.55323060699993,
                4.956562382000186
              ],
              [
                -76.54882055199994,
                4.955254637000053
              ],
              [
                -76.53693350499992,
                4.957949419000101
              ],
              [
                -76.52063757599996,
                4.958009265999976
              ],
              [
                -76.51799057099998,
                4.956694480000124
              ],
              [
                -76.51663957599999,
                4.950070933000177
              ],
              [
                -76.52585564599997,
                4.938992571000142
              ],
              [
                -76.52845755699997,
                4.928378567000152
              ],
              [
                -76.53417149999996,
                4.924380735000113
              ],
              [
                -76.54598964799999,
                4.905338224000104
              ],
              [
                -76.55027749499993,
                4.872628518000113
              ],
              [
                -76.55422956199999,
                4.868638061000127
              ],
              [
                -76.56082963999995,
                4.86684617800006
              ],
              [
                -76.56656654999989,
                4.869918816000109
              ],
              [
                -76.57717150199994,
                4.879156176000038
              ],
              [
                -76.58115357599996,
                4.8848848720001
              ],
              [
                -76.58383964099988,
                4.896803938000062
              ],
              [
                -76.58828758199996,
                4.907832176000056
              ],
              [
                -76.58831758899993,
                4.915784590000044
              ],
              [
                -76.59098051899991,
                4.921518147000086
              ],
              [
                -76.59362065099998,
                4.920183078000036
              ],
              [
                -76.59747364499998,
                4.890126411000097
              ],
              [
                -76.60710864199996,
                4.876394339000058
              ],
              [
                -76.62030058399989,
                4.869717818000026
              ],
              [
                -76.62203949399998,
                4.863083206000113
              ],
              [
                -76.61893450199995,
                4.858677678000106
              ],
              [
                -76.61364753299995,
                4.857370771999967
              ],
              [
                -76.5947116399999,
                4.858768538000163
              ],
              [
                -76.59207150799995,
                4.860103440000159
              ],
              [
                -76.59075152599996,
                4.858783625000115
              ],
              [
                -76.5907366059999,
                4.85480691500004
              ],
              [
                -76.60300452699994,
                4.838414259000103
              ],
              [
                -76.60166157899994,
                4.831792556000153
              ],
              [
                -76.59326961699998,
                4.824754104000078
              ],
              [
                -76.59060651899989,
                4.820787452000161
              ],
              [
                -76.59191862199992,
                4.816806887000041
              ],
              [
                -76.61080958799994,
                4.804366633000143
              ],
              [
                -76.61606554399998,
                4.797720120000065
              ],
              [
                -76.61737865299989,
                4.79373838000015
              ],
              [
                -76.61337260599998,
                4.782709136999983
              ],
              [
                -76.60939053199996,
                4.777422503000082
              ],
              [
                -76.6066514929999,
                4.751366686000097
              ],
              [
                -76.59732059099997,
                4.729752105000046
              ],
              [
                -76.59156758799992,
                4.72182064500015
              ],
              [
                -76.59022564499998,
                4.716082058999973
              ],
              [
                -76.59021759899997,
                4.71343052800006
              ],
              [
                -76.59284951599994,
                4.710769609000067
              ],
              [
                -76.60121163799994,
                4.709414590000165
              ],
              [
                -76.60118850399988,
                4.702346131000184
              ],
              [
                -76.59144554699992,
                4.686476506000133
              ],
              [
                -76.59011064599997,
                4.682062596000094
              ],
              [
                -76.5900806379999,
                4.675436199000103
              ],
              [
                -76.59313952999997,
                4.668797564000158
              ],
              [
                -76.59312460999996,
                4.66437996600007
              ],
              [
                -76.58871455599996,
                4.663070042000015
              ],
              [
                -76.5847705349999,
                4.667059828000106
              ],
              [
                -76.5807955009999,
                4.663098205000153
              ],
              [
                -76.5755085319999,
                4.663117148000026
              ],
              [
                -76.57112865199997,
                4.670201533000068
              ],
              [
                -76.56851953299991,
                4.679488849000052
              ],
              [
                -76.56587956899989,
                4.680823751000048
              ],
              [
                -76.55924261099989,
                4.669802722000043
              ],
              [
                -76.55218454499999,
                4.667175665000173
              ],
              [
                -76.54560055999997,
                4.672943253000085
              ],
              [
                -76.54167162699991,
                4.682234760000142
              ],
              [
                -76.5320124889999,
                4.69198894900012
              ],
              [
                -76.52937353099998,
                4.691997834000063
              ],
              [
                -76.5267255199999,
                4.6902401480001
              ],
              [
                -76.52931955199995,
                4.676976122000099
              ],
              [
                -76.52665762699996,
                4.669917554000108
              ],
              [
                -76.52400961599989,
                4.668601763000026
              ],
              [
                -76.51300048899998,
                4.668639816000109
              ],
              [
                -76.50770564099997,
                4.666005719
              ],
              [
                -76.51734952299995,
                4.653601843999979
              ],
              [
                -76.51160456699995,
                4.646993216000169
              ],
              [
                -76.51026949699997,
                4.643021703000102
              ],
              [
                -76.51860865299994,
                4.635924241999987
              ],
              [
                -76.52917454499993,
                4.634561345000122
              ],
              [
                -76.5507654889999,
                4.638904847000163
              ],
              [
                -76.56176757499992,
                4.636214926999969
              ],
              [
                -76.58331258699991,
                4.627744678
              ],
              [
                -76.59297960299995,
                4.622409094000147
              ],
              [
                -76.58988953099998,
                4.621093303000066
              ],
              [
                -76.56305654399989,
                4.629141439000023
              ],
              [
                -76.55645763999996,
                4.629164740000078
              ],
              [
                -76.55776253399995,
                4.625184007000144
              ],
              [
                -76.56303357799987,
                4.621188018
              ],
              [
                -76.57930754599988,
                4.617155485000069
              ],
              [
                -76.58457959499992,
                4.612718776000065
              ],
              [
                -76.59293350299998,
                4.610037908000095
              ],
              [
                -76.59292562399992,
                4.607387047000032
              ],
              [
                -76.58719659299993,
                4.606083326000089
              ],
              [
                -76.57927653299998,
                4.607434321000028
              ],
              [
                -76.57400548899989,
                4.610104963000026
              ],
              [
                -76.56431550599996,
                4.610138994000124
              ],
              [
                -76.55769363499991,
                4.604860239000061
              ],
              [
                -76.55767050099996,
                4.599558685000147
              ],
              [
                -76.56292763099998,
                4.589820590000102
              ],
              [
                -76.57259364099997,
                4.585809681000171
              ],
              [
                -76.57605754699995,
                4.587161681999987
              ],
              [
                -76.57918550499994,
                4.58181101100007
              ],
              [
                -76.56815357999994,
                4.573454589000164
              ],
              [
                -76.5628666099999,
                4.57214768200015
              ],
              [
                -76.56021155899998,
                4.569505874000015
              ],
              [
                -76.55887565099994,
                4.565534193000133
              ],
              [
                -76.56281263099999,
                4.558451820000073
              ],
              [
                -76.57380650299996,
                4.55443705600004
              ],
              [
                -76.57909363999988,
                4.554418951000059
              ],
              [
                -76.58306163299994,
                4.557055898000044
              ],
              [
                -76.59143062799996,
                4.557026058000076
              ],
              [
                -76.59274256299994,
                4.554371007000043
              ],
              [
                -76.5900806379999,
                4.549078673000167
              ],
              [
                -76.57904854499998,
                4.542047933000049
              ],
              [
                -76.57375352899999,
                4.539416350000181
              ],
              [
                -76.56142458799997,
                4.538132243000064
              ],
              [
                -76.56140849399998,
                4.532830857000022
              ],
              [
                -76.56841257999997,
                4.521761548000086
              ],
              [
                -76.5723646479999,
                4.517771929000105
              ],
              [
                -76.58027649399997,
                4.515093073000173
              ],
              [
                -76.58863861599997,
                4.515063904000158
              ],
              [
                -76.5992276419999,
                4.52032975100019
              ],
              [
                -76.60630062699983,
                4.530024762999972
              ],
              [
                -76.61423460099991,
                4.532647628
              ],
              [
                -76.61687456499993,
                4.531312894000052
              ],
              [
                -76.61817158099996,
                4.524681467
              ],
              [
                -76.61286952399996,
                4.51895662700008
              ],
              [
                -76.60757450799997,
                4.51632403900004
              ],
              [
                -76.60491962399993,
                4.511032209000064
              ],
              [
                -76.60485860399996,
                4.493359636000037
              ],
              [
                -76.60042558299989,
                4.486306097000067
              ],
              [
                -76.59383355199998,
                4.489421818000039
              ],
              [
                -76.58854658199988,
                4.48767218
              ],
              [
                -76.59115553399994,
                4.478385702000139
              ],
              [
                -76.58580754399992,
                4.459406223000144
              ],
              [
                -76.56944254899997,
                4.436487920000047
              ],
              [
                -76.5694276289999,
                4.430744305000076
              ],
              [
                -76.57073956399995,
                4.428088415000047
              ],
              [
                -76.57469951099995,
                4.426750663000064
              ],
              [
                -76.57997860099994,
                4.428057402000093
              ],
              [
                -76.58438161499998,
                4.426717639000174
              ],
              [
                -76.58834860199994,
                4.429355256000179
              ],
              [
                -76.58969154999994,
                4.435093004000066
              ],
              [
                -76.59365853799989,
                4.437730789000113
              ],
              [
                -76.59761865099983,
                4.436391696000044
              ],
              [
                -76.60067754299996,
                4.430638358000124
              ],
              [
                -76.60464452999992,
                4.430624276000174
              ],
              [
                -76.61126757499994,
                4.437670607000086
              ],
              [
                -76.61791962099988,
                4.452668514000152
              ],
              [
                -76.61926256999999,
                4.459291056000097
              ],
              [
                -76.62236756199997,
                4.464581880000026
              ],
              [
                -76.62500752599988,
                4.465898510000045
              ],
              [
                -76.63292657999989,
                4.464544832000115
              ],
              [
                -76.63423952199992,
                4.460563931000024
              ],
              [
                -76.6342006299999,
                4.451287679000018
              ],
              [
                -76.63014261499995,
                4.42258502500016
              ],
              [
                -76.62076561199984,
                4.383296698000095
              ],
              [
                -76.61369363299991,
                4.3736015180001
              ],
              [
                -76.59609264199997,
                4.374986376000095
              ],
              [
                -76.58290857899988,
                4.382098756000062
              ],
              [
                -76.57454662499998,
                4.381684858000142
              ],
              [
                -76.56794755199985,
                4.383473724000169
              ],
              [
                -76.556930546,
                4.379093006000062
              ],
              [
                -76.55294763399996,
                4.372478511000168
              ],
              [
                -76.55293254599997,
                4.367177125000126
              ],
              [
                -76.58943154399992,
                4.357335597000088
              ],
              [
                -76.59777053199997,
                4.352007221000122
              ],
              [
                -76.60040261699999,
                4.34802129100018
              ],
              [
                -76.60301257399982,
                4.338293254000064
              ],
              [
                -76.61357159299996,
                4.33693136200003
              ],
              [
                -76.61929358299989,
                4.338237933000187
              ],
              [
                -76.63830558299998,
                4.362914256000124
              ],
              [
                -76.63964853199991,
                4.370862647000081
              ],
              [
                -76.64631650299998,
                4.389836426000102
              ],
              [
                -76.65159559299997,
                4.389818322
              ],
              [
                -76.65596055299989,
                4.377874109
              ],
              [
                -76.66252861299995,
                4.369457841000155
              ],
              [
                -76.66252157199989,
                4.366807986000026
              ],
              [
                -76.65986651999998,
                4.362840328
              ],
              [
                -76.65282454799996,
                4.362865138000132
              ],
              [
                -76.64885756099989,
                4.360227521000127
              ],
              [
                -76.65587656699995,
                4.353134922000095
              ],
              [
                -76.64749952499989,
                4.34918721300005
              ],
              [
                -76.64089156799992,
                4.34788433000017
              ],
              [
                -76.62588460799998,
                4.335565447000079
              ],
              [
                -76.62587756799996,
                4.331588570000065
              ],
              [
                -76.62982963499991,
                4.328924633000042
              ],
              [
                -76.65007763099993,
                4.330181751000111
              ],
              [
                -76.65315261599994,
                4.328845843000067
              ],
              [
                -76.65577665399996,
                4.324860248000107
              ],
              [
                -76.6460796309999,
                4.32047550700014
              ],
              [
                -76.63684864099997,
                4.321832202
              ],
              [
                -76.62186464799998,
                4.317906454000081
              ],
              [
                -76.61789665499998,
                4.313943825000024
              ],
              [
                -76.61920154899991,
                4.311289109000143
              ],
              [
                -76.62315361699996,
                4.308624166000186
              ],
              [
                -76.63108859699997,
                4.311249211000188
              ],
              [
                -76.63549060499997,
                4.311234124000123
              ],
              [
                -76.63943462499998,
                4.307244338000032
              ],
              [
                -76.64205162299999,
                4.300166994000108
              ],
              [
                -76.64733155199986,
                4.300149057000169
              ],
              [
                -76.65831754399994,
                4.293485444000112
              ],
              [
                -76.66359764099997,
                4.294792350000023
              ],
              [
                -76.66754953999998,
                4.292128413000171
              ],
              [
                -76.66929649699995,
                4.28682099200006
              ],
              [
                -76.66487856299995,
                4.282418314000097
              ],
              [
                -76.66222351099992,
                4.277125477000141
              ],
              [
                -76.66088056299992,
                4.270503271000052
              ],
              [
                -76.66219350399996,
                4.26917423600014
              ],
              [
                -76.66923564399997,
                4.270475108000085
              ],
              [
                -76.67715453099999,
                4.269123274000151
              ],
              [
                -76.67317161799991,
                4.26206772300003
              ],
              [
                -76.67580454099993,
                4.259408984
              ],
              [
                -76.68811051599988,
                4.255391202000112
              ],
              [
                -76.70834359299994,
                4.252671275000068
              ],
              [
                -76.71624755999989,
                4.24734273100006
              ],
              [
                -76.72850760199998,
                4.230955943000083
              ],
              [
                -76.73509259299993,
                4.225632428999972
              ],
              [
                -76.74739052099994,
                4.219846736000079
              ],
              [
                -76.75133554699988,
                4.214532106000036
              ],
              [
                -76.75261663799995,
                4.203484088000039
              ],
              [
                -76.7473145809999,
                4.196876633000159
              ],
              [
                -76.73102552499995,
                4.194280590000062
              ],
              [
                -76.72308350499998,
                4.187239121000175
              ],
              [
                -76.72306053799997,
                4.180612891000067
              ],
              [
                -76.72568558299997,
                4.176628134000168
              ],
              [
                -76.74327064799996,
                4.172592416000043
              ],
              [
                -76.74325555999997,
                4.16817582300007
              ],
              [
                -76.73751865099996,
                4.161568034000027
              ],
              [
                -76.73485555199994,
                4.154950689000088
              ],
              [
                -76.73615256799997,
                4.147878038999977
              ],
              [
                -76.75812555999994,
                4.141178719000095
              ],
              [
                -76.76077256499991,
                4.142494510000176
              ],
              [
                -76.76736459599982,
                4.139820682999982
              ],
              [
                -76.76338151599992,
                4.134534217000123
              ],
              [
                -76.75502056699997,
                4.1332372010001
              ],
              [
                -76.74972555099998,
                4.127511858000048
              ],
              [
                -76.74839064999992,
                4.123540848000118
              ],
              [
                -76.75101452099995,
                4.119556426000145
              ],
              [
                -76.76465556499994,
                4.119510326000011
              ],
              [
                -76.76860059199993,
                4.116846556999974
              ],
              [
                -76.76593749299997,
                4.109786983000106
              ],
              [
                -76.76065052399991,
                4.105829216000132
              ],
              [
                -76.75796563299991,
                4.092144418000089
              ],
              [
                -76.75917849399991,
                4.061216704000117
              ],
              [
                -76.75784258699997,
                4.055478118000167
              ],
              [
                -76.74948163799996,
                4.05550594500005
              ],
              [
                -76.74684854699996,
                4.056840009000098
              ],
              [
                -76.74024159599998,
                4.054211277000036
              ],
              [
                -76.74153157099994,
                4.046255845000132
              ],
              [
                -76.74678752699998,
                4.03784443700016
              ],
              [
                -76.75249459699995,
                4.033849622000105
              ],
              [
                -76.75379161299998,
                4.027220040000088
              ],
              [
                -76.74806258199999,
                4.024145222000072
              ],
              [
                -76.74542261799996,
                4.025480292000054
              ],
              [
                -76.73751060399997,
                4.025506276000044
              ],
              [
                -76.73748059699989,
                4.017554867000058
              ],
              [
                -76.74404949399991,
                4.007814593000035
              ],
              [
                -76.76161963999994,
                4.001130193000165
              ],
              [
                -76.76866161199985,
                4.001107226000101
              ],
              [
                -76.77393349399995,
                3.998439266000162
              ],
              [
                -76.77127860999991,
                3.994472614000074
              ],
              [
                -76.76159650599988,
                3.993178784000122
              ],
              [
                -76.75762951899998,
                3.990542005000179
              ],
              [
                -76.74968749799996,
                3.983499362000032
              ],
              [
                -76.74129452999989,
                3.971157345000165
              ],
              [
                -76.74259154599991,
                3.965851768
              ],
              [
                -76.75094562099997,
                3.96449976700012
              ],
              [
                -76.76549559899996,
                3.974170974000174
              ],
              [
                -76.76989760699996,
                3.975482072000148
              ],
              [
                -76.77780962099996,
                3.974130071000104
              ],
              [
                -76.79380061599994,
                3.966027619999977
              ],
              [
                -76.79621862699997,
                3.96224101200005
              ],
              [
                -76.7924574999999,
                3.959117244000026
              ],
              [
                -76.78731553699998,
                3.958058107000056
              ],
              [
                -76.79145854399991,
                3.951516702000163
              ],
              [
                -76.78155549399997,
                3.936626921000027
              ],
              [
                -76.78157762199993,
                3.932139083000095
              ],
              [
                -76.79051256299994,
                3.928380302000051
              ],
              [
                -76.78336363799991,
                3.913848597000026
              ],
              [
                -76.78269157699992,
                3.909011735000036
              ],
              [
                -76.78372959199993,
                3.907288919000109
              ],
              [
                -76.79470854399989,
                3.907683874000043
              ],
              [
                -76.81668052899994,
                3.904673262000188
              ],
              [
                -76.82081548999997,
                3.89951269200003
              ],
              [
                -76.8229295729999,
                3.885366554000029
              ],
              [
                -76.81986263499988,
                3.879482961000178
              ],
              [
                -76.81131761999995,
                3.870468895000101
              ],
              [
                -76.79008458299995,
                3.860016662000078
              ],
              [
                -76.7760614909999,
                3.848906448999969
              ],
              [
                -76.75072450699997,
                3.834981258000028
              ],
              [
                -76.74183650399988,
                3.825963001000048
              ],
              [
                -76.74185963799994,
                3.819748658000037
              ],
              [
                -76.74633758599998,
                3.815280935000089
              ],
              [
                -76.74841361599988,
                3.810801143000162
              ],
              [
                -76.74637563999994,
                3.805613416000028
              ],
              [
                -76.74810750899996,
                3.800441782000064
              ],
              [
                -76.75395958599995,
                3.797016266000128
              ],
              [
                -76.75331149699997,
                3.78734589600009
              ],
              [
                -76.75743857899994,
                3.784946995000098
              ],
              [
                -76.77215552399991,
                3.792955401000143
              ],
              [
                -76.78312659699986,
                3.796112193
              ],
              [
                -76.80680061199996,
                3.796909312000139
              ],
              [
                -76.81366756999995,
                3.795904155000017
              ],
              [
                -76.82948254499996,
                3.786652880000076
              ],
              [
                -76.83190156299997,
                3.781485269000029
              ],
              [
                -76.83158858199994,
                3.773888918000068
              ],
              [
                -76.82137255099997,
                3.753818283000044
              ],
              [
                -76.8166275559999,
                3.740331298000115
              ],
              [
                -76.81666560999997,
                3.729974116000051
              ],
              [
                -76.8191146339999,
                3.716520155000012
              ],
              [
                -76.82225751199996,
                3.704106054000079
              ],
              [
                -76.82814060299995,
                3.691358185000183
              ],
              [
                -76.82679765399985,
                3.682030635000046
              ],
              [
                -76.82135059099988,
                3.672683305000078
              ],
              [
                -76.81388851699995,
                3.649863070000094
              ],
              [
                -76.81256048899985,
                3.640188678000072
              ],
              [
                -76.81361359099992,
                3.633289198000114
              ],
              [
                -76.80753352599993,
                3.609438157000113
              ],
              [
                -76.80620549699984,
                3.598728767000068
              ],
              [
                -76.80422954699992,
                3.579040514999974
              ],
              [
                -76.80529756999994,
                3.568687188000183
              ],
              [
                -76.81497162699986,
                3.551124586000128
              ],
              [
                -76.81706257699994,
                3.544573793000154
              ],
              [
                -76.81885563299988,
                3.523522476000153
              ],
              [
                -76.82366164899997,
                3.522509607000131
              ],
              [
                -76.8294905919999,
                3.523917431000086
              ],
              [
                -76.83426659999992,
                3.529808903000117
              ],
              [
                -76.84205657399991,
                3.554013158000032
              ],
              [
                -76.84547454599993,
                3.557136087
              ],
              [
                -76.85129560999997,
                3.560270751000019
              ],
              [
                -76.85952764499996,
                3.560998636000136
              ],
              [
                -76.86639359699996,
                3.557923986000105
              ],
              [
                -76.86950663599998,
                3.552414393000163
              ],
              [
                -76.86306748999993,
                3.533741692000149
              ],
              [
                -76.85625451199996,
                3.52093582100008
              ],
              [
                -76.84294153499997,
                3.505682936000085
              ],
              [
                -76.82617152599988,
                3.495936627000049
              ],
              [
                -76.82412751499999,
                3.492473895000046
              ],
              [
                -76.82482958299988,
                3.489369909000118
              ],
              [
                -76.82946058499982,
                3.484746450999978
              ],
              [
                -76.8413234919999,
                3.481507683000075
              ],
              [
                -76.85092160999994,
                3.483278612000163
              ],
              [
                -76.85981749099994,
                3.488499196000078
              ],
              [
                -76.88174454999995,
                3.494470632000173
              ],
              [
                -76.90782953599995,
                3.490103828000144
              ],
              [
                -76.91604664999994,
                3.493249892000051
              ],
              [
                -76.94475550699997,
                3.517201850000163
              ],
              [
                -76.95641356099998,
                3.519671662000064
              ],
              [
                -76.96601855099988,
                3.517298913000104
              ],
              [
                -76.96878860299995,
                3.512133314000152
              ],
              [
                -76.96504256299994,
                3.504521875000023
              ],
              [
                -76.95719156899997,
                3.495510658000057
              ],
              [
                -76.91342965299992,
                3.461822113000039
              ],
              [
                -76.90731052799998,
                3.447638089000066
              ],
              [
                -76.90734053499989,
                3.441079585000125
              ],
              [
                -76.91078164199996,
                3.436953006000181
              ],
              [
                -76.92347754299988,
                3.43632184900008
              ],
              [
                -76.95020257099998,
                3.441279577000103
              ],
              [
                -76.97074862699992,
                3.450003965000064
              ],
              [
                -76.97999554299986,
                3.451773888000048
              ],
              [
                -76.98754864299997,
                3.450080911000043
              ],
              [
                -76.99031852699989,
                3.443880314000126
              ],
              [
                -76.98557252599988,
                3.430050342000129
              ],
              [
                -76.9839015099999,
                3.417615453000053
              ],
              [
                -76.97708853099994,
                3.406192091999969
              ],
              [
                -76.95825959099989,
                3.39989074500005
              ],
              [
                -76.95450550499987,
                3.394349971999986
              ],
              [
                -76.95351459599993,
                3.385369936000018
              ],
              [
                -76.96315763999996,
                3.376094354000145
              ],
              [
                -76.96489755599987,
                3.369888058000186
              ],
              [
                -76.95806161099995,
                3.362951530000032
              ],
              [
                -76.94403851899989,
                3.354255138000042
              ],
              [
                -76.9348145699999,
                3.346616542000049
              ],
              [
                -76.92389663799992,
                3.333101561000149
              ],
              [
                -76.90370161599998,
                3.323338488000161
              ],
              [
                -76.89653056199995,
                3.317089779000128
              ],
              [
                -76.89313455099989,
                3.308442337000145
              ],
              [
                -76.89350855099997,
                3.301885007000124
              ],
              [
                -76.89592756799988,
                3.297754237000106
              ],
              [
                -76.90348050099993,
                3.293992439000078
              ],
              [
                -76.92817660599991,
                3.293766463000168
              ],
              [
                -76.93263259299994,
                3.293096580999986
              ],
              [
                -76.94190951599995,
                3.288654005000126
              ],
              [
                -76.94434361999998,
                3.281070394000153
              ],
              [
                -76.94233648999995,
                3.267942658000038
              ],
              [
                -76.94516756099995,
                3.24793287500006
              ],
              [
                -76.94210062299993,
                3.242395287000022
              ],
              [
                -76.93766056099992,
                3.238230655000052
              ],
              [
                -76.92191364699988,
                3.23297604000004
              ],
              [
                -76.92057053099995,
                3.225719659000106
              ],
              [
                -76.92300463599992,
                3.218482053000116
              ],
              [
                -76.93090860299992,
                3.213687604000143
              ],
              [
                -76.96555352299998,
                3.210057737000113
              ],
              [
                -76.97790559899994,
                3.206665078000128
              ],
              [
                -76.99645257099996,
                3.198468750000188
              ],
              [
                -77.02933460999992,
                3.207257008000113
              ],
              [
                -77.03447757799995,
                3.20590014600009
              ],
              [
                -77.04169456399995,
                3.201447342999984
              ],
              [
                -77.04446461599991,
                3.195591913000101
              ],
              [
                -77.03901654599997,
                3.18659142600012
              ],
              [
                -77.02230051699996,
                3.165799947000153
              ],
              [
                -77.01891355699996,
                3.15749884600018
              ],
              [
                -77.01658657299998,
                3.139881929000126
              ],
              [
                -77.02484157499998,
                3.132327655000154
              ],
              [
                -77.03238662799998,
                3.132018530000096
              ],
              [
                -77.06217155399986,
                3.141137873000105
              ],
              [
                -77.07279159299998,
                3.143258830000036
              ],
              [
                -77.08444260599998,
                3.143659653000043
              ],
              [
                -77.11291458999995,
                3.138273274000142
              ],
              [
                -77.11944560099994,
                3.133471450000059
              ],
              [
                -77.1222156529999,
                3.127272026000128
              ],
              [
                -77.12121552399992,
                3.120363326000131
              ],
              [
                -77.11302154299989,
                3.111695265000094
              ],
              [
                -77.07952863099996,
                3.08875282300005
              ],
              [
                -77.07611853799989,
                3.084940062000157
              ],
              [
                -77.07305964599993,
                3.078021472000046
              ],
              [
                -77.07754564099997,
                3.071829928000056
              ],
              [
                -77.08817255299994,
                3.070155056000033
              ],
              [
                -77.09742751499988,
                3.070545150000157
              ],
              [
                -77.11419651799997,
                3.076839624000172
              ],
              [
                -77.12653350599993,
                3.07862463400005
              ],
              [
                -77.12996656599995,
                3.076224727000181
              ],
              [
                -77.12828850899984,
                3.06758734400006
              ],
              [
                -77.1176986449999,
                3.060287879000157
              ],
              [
                -77.10742963999996,
                3.056787094000128
              ],
              [
                -77.09616855299998,
                3.044995934999974
              ],
              [
                -77.09960949199996,
                3.040871536000054
              ],
              [
                -77.1369855719999,
                3.036564746000067
              ],
              [
                -77.14522565299995,
                3.034187806000034
              ],
              [
                -77.15449553499991,
                3.030436066000107
              ],
              [
                -77.16274248999997,
                3.024263633000032
              ],
              [
                -77.16313157799993,
                3.013910474000056
              ],
              [
                -77.15870660299998,
                3.005605181000078
              ],
              [
                -77.14231864099992,
                2.992064887000083
              ],
              [
                -77.12863149699996,
                2.985785333000081
              ],
              [
                -77.11663850199994,
                2.985381659999973
              ],
              [
                -77.1084285949999,
                2.981198756000083
              ],
              [
                -77.10539250199997,
                2.97082866500017
              ],
              [
                -77.10406464099998,
                2.95943229400018
              ],
              [
                -77.09999053299998,
                2.952163005000102
              ],
              [
                -77.07505755599988,
                2.930983444000162
              ],
              [
                -77.05974549599995,
                2.90536449200016
              ],
              [
                -77.06013458399997,
                2.895355326000129
              ],
              [
                -77.06326254199996,
                2.884669909000024
              ],
              [
                -77.06810761799994,
                2.875374713000099
              ],
              [
                -77.07775149999992,
                2.864377656000158
              ],
              [
                -77.08608260899996,
                2.840257221000059
              ],
              [
                -77.10291263199997,
                2.831367039000099
              ],
              [
                -77.10739862699995,
                2.824141504000067
              ],
              [
                -77.10744455999998,
                2.814131164000116
              ],
              [
                -77.09044656299994,
                2.782289487000128
              ],
              [
                -77.08193155499993,
                2.770509561000154
              ],
              [
                -77.08302254399996,
                2.757398420000072
              ],
              [
                -77.09023248899985,
                2.753637628000092
              ],
              [
                -77.10221861099984,
                2.754735657000083
              ],
              [
                -77.12754050799992,
                2.762803071000064
              ],
              [
                -77.13439153999997,
                2.763529112000185
              ],
              [
                -77.14331055599996,
                2.76184803700005
              ],
              [
                -77.15259552499998,
                2.753610638000168
              ],
              [
                -77.1560595979999,
                2.746035409
              ],
              [
                -77.18768351299991,
                2.722380002000023
              ],
              [
                -77.19594555499998,
                2.713793748000171
              ],
              [
                -77.20487948999994,
                2.707626344
              ],
              [
                -77.21585056399988,
                2.70630116500007
              ],
              [
                -77.22063461899995,
                2.710121972000081
              ],
              [
                -77.22254954799996,
                2.741884523000124
              ],
              [
                -77.2255935199999,
                2.75052794200019
              ],
              [
                -77.24462865499999,
                2.785481484000172
              ],
              [
                -77.26032259499988,
                2.8014340900001
              ],
              [
                -77.26647155899997,
                2.805260931000078
              ],
              [
                -77.30107155299993,
                2.806120915
              ],
              [
                -77.31443750299997,
                2.804461130000107
              ],
              [
                -77.32577553599998,
                2.79830445500005
              ],
              [
                -77.33265657499999,
                2.790746157000115
              ],
              [
                -77.3361206479999,
                2.781445597000129
              ],
              [
                -77.33686060299993,
                2.768335630000138
              ],
              [
                -77.32565349499993,
                2.746193324000046
              ],
              [
                -77.32158659599997,
                2.735131056000114
              ],
              [
                -77.32849160799992,
                2.72412209700002
              ],
              [
                -77.33811956499994,
                2.715196711000146
              ],
              [
                -77.34294854699988,
                2.707629360999988
              ],
              [
                -77.34503949599997,
                2.699701925000113
              ],
              [
                -77.34236164599992,
                2.685194862000174
              ],
              [
                -77.32575256899997,
                2.644044914000119
              ],
              [
                -77.32071655399994,
                2.621242617000064
              ],
              [
                -77.32147964299998,
                2.602956154000026
              ],
              [
                -77.32666753799998,
                2.591593814000134
              ],
              [
                -77.33869154599995,
                2.584063512000057
              ],
              [
                -77.3562015089999,
                2.575870202000146
              ],
              [
                -77.39700360799992,
                2.566414576999989
              ],
              [
                -77.41209455399996,
                2.561314021000044
              ],
              [
                -77.42274459999999,
                2.553431679000141
              ],
              [
                -77.42484259099984,
                2.543090590000077
              ],
              [
                -77.41977656799997,
                2.527191796000182
              ],
              [
                -77.39632450599987,
                2.48738848500011
              ],
              [
                -77.39329562199998,
                2.475985575999971
              ],
              [
                -77.39543954499999,
                2.455636997000056
              ],
              [
                -77.38832850599988,
                2.436965470000132
              ],
              [
                -77.3883665599999,
                2.429029149000144
              ],
              [
                -77.39420354899988,
                2.425608159000035
              ],
              [
                -77.40652461199988,
                2.427053031000071
              ],
              [
                -77.43423451299998,
                2.433752686000048
              ],
              [
                -77.44618962199996,
                2.441061203
              ],
              [
                -77.45166048999994,
                2.442813859000069
              ],
              [
                -77.45851152199992,
                2.443540067000129
              ],
              [
                -77.46810963999997,
                2.441173018000143
              ],
              [
                -77.46949751499994,
                2.43635057299997
              ],
              [
                -77.46885663499995,
                2.427375064000159
              ],
              [
                -77.4637676459999,
                2.415616930000169
              ],
              [
                -77.45697059299988,
                2.404884741000103
              ],
              [
                -77.44810455099997,
                2.397248492000017
              ],
              [
                -77.44164260699995,
                2.387207978000106
              ],
              [
                -77.44099451799997,
                2.378232636000178
              ],
              [
                -77.44614452699994,
                2.375499130000094
              ],
              [
                -77.45744349999995,
                2.376592801000129
              ],
              [
                -77.4711155579999,
                2.381494370000041
              ],
              [
                -77.48068249399995,
                2.386720151000134
              ],
              [
                -77.49466652599995,
                2.398179219000042
              ],
              [
                -77.50253260699992,
                2.400290285000096
              ],
              [
                -77.50904853099985,
                2.398943145000032
              ],
              [
                -77.50939956499991,
                2.396529325000131
              ],
              [
                -77.5063475469999,
                2.390303750000101
              ],
              [
                -77.49338560399991,
                2.378849712000033
              ],
              [
                -77.49340856999993,
                2.374710057000129
              ],
              [
                -77.49958050099991,
                2.372326244000135
              ],
              [
                -77.51088752099997,
                2.371695255000077
              ],
              [
                -77.51946254299997,
                2.367253516000176
              ],
              [
                -77.52667952899998,
                2.361426082000094
              ],
              [
                -77.53799459599998,
                2.358033255000123
              ],
              [
                -77.56160758999988,
                2.360571128000061
              ],
              [
                -77.56846650199998,
                2.359226335000074
              ],
              [
                -77.5732805639999,
                2.354075488000149
              ],
              [
                -77.57296758399997,
                2.347863995000182
              ],
              [
                -77.56958749699999,
                2.338185747000182
              ],
              [
                -77.56515464399985,
                2.333332960000064
              ],
              [
                -77.55901355899994,
                2.329505280000035
              ],
              [
                -77.55631257399995,
                2.321211052000024
              ],
              [
                -77.56394161499992,
                2.299514663000082
              ],
              [
                -77.56395754099998,
                2.296410005999974
              ],
              [
                -77.55989064099992,
                2.28707256600012
              ],
              [
                -77.55374955599996,
                2.282555054999989
              ],
              [
                -77.54932357599995,
                2.277012270000114
              ],
              [
                -77.54729465199995,
                2.27148088500013
              ],
              [
                -77.54766060599991,
                2.265962240000135
              ],
              [
                -77.55179556699994,
                2.260118712000178
              ],
              [
                -77.57543152799997,
                2.257827603000067
              ],
              [
                -77.58364059599995,
                2.258560684000031
              ],
              [
                -77.6215975419999,
                2.270143804000099
              ],
              [
                -77.62877664199988,
                2.271216855000148
              ],
              [
                -77.63597854099999,
                2.268840082000054
              ],
              [
                -77.63874859199996,
                2.261953343000187
              ],
              [
                -77.63741251699997,
                2.254356992000055
              ],
              [
                -77.6302645969999,
                2.246384628000158
              ],
              [
                -77.61386154799993,
                2.239054151000175
              ],
              [
                -77.60942852699998,
                2.235235356000089
              ],
              [
                -77.60842856599999,
                2.228676014000087
              ],
              [
                -77.62045257399996,
                2.219768733000024
              ],
              [
                -77.63038663799995,
                2.219476708000059
              ],
              [
                -77.63961058699994,
                2.223319475000153
              ],
              [
                -77.65325951099993,
                2.232705530000032
              ],
              [
                -77.66313959499996,
                2.24310696900011
              ],
              [
                -77.68321257699989,
                2.270808824000028
              ],
              [
                -77.6886445529999,
                2.280496125000184
              ],
              [
                -77.69989759299995,
                2.290902425000183
              ],
              [
                -77.70742755999999,
                2.290596317999984
              ],
              [
                -77.70779451999988,
                2.286458508000123
              ],
              [
                -77.68839259299995,
                2.261521507000168
              ],
              [
                -77.68330360399989,
                2.250455216000148
              ],
              [
                -77.6846995269999,
                2.245288611000149
              ],
              [
                -77.69776154899995,
                2.232591536000029
              ],
              [
                -77.70020252699993,
                2.222600308000096
              ],
              [
                -77.69887550399994,
                2.213624966000168
              ],
              [
                -77.69139851099999,
                2.20220194000018
              ],
              [
                -77.68321961799995,
                2.193879380999988
              ],
              [
                -77.67843656799988,
                2.19212974300018
              ],
              [
                -77.65995061599995,
                2.192377679000117
              ],
              [
                -77.65277050999998,
                2.19095962900019
              ],
              [
                -77.64867360399995,
                2.187487845000021
              ],
              [
                -77.63098963199997,
                2.162210874000152
              ],
              [
                -77.62352755899997,
                2.147336014000075
              ],
              [
                -77.62320753799997,
                2.143194180000023
              ],
              [
                -77.64066352199995,
                2.143977218000146
              ],
              [
                -77.64682757299994,
                2.142630246000067
              ],
              [
                -77.65403751899993,
                2.138873477000175
              ],
              [
                -77.66057557099998,
                2.13097420400004
              ],
              [
                -77.66420761699993,
                2.087525603000131
              ],
              [
                -77.67384362099989,
                2.075503439000045
              ],
              [
                -77.67725354699996,
                2.079316031000189
              ],
              [
                -77.68262450299994,
                2.101423301000068
              ],
              [
                -77.7170865299999,
                2.124719627000047
              ],
              [
                -77.72257265299999,
                2.123368800000094
              ],
              [
                -77.72499049699991,
                2.117862057000025
              ],
              [
                -77.72501363099997,
                2.113033578000113
              ],
              [
                -77.72983557199996,
                2.107195079000121
              ],
              [
                -77.73531364899998,
                2.106533915000114
              ],
              [
                -77.75065655499998,
                2.120068174000039
              ],
              [
                -77.75682865299996,
                2.116651207000018
              ],
              [
                -77.75788862899992,
                2.109412763000137
              ],
              [
                -77.75450150199998,
                2.101461354999969
              ],
              [
                -77.75250258499995,
                2.090067331000114
              ],
              [
                -77.75356256099991,
                2.083174724000116
              ],
              [
                -77.76525850099989,
                2.070128627000088
              ],
              [
                -77.76878359399996,
                2.04876030600002
              ],
              [
                -77.77259853399994,
                2.037398301000053
              ],
              [
                -77.77984653299995,
                2.02501906800012
              ],
              [
                -77.79564658799995,
                2.013376940000171
              ],
              [
                -77.79362453799996,
                2.006812569000147
              ],
              [
                -77.77209461399991,
                1.999106918
              ],
              [
                -77.76117651399994,
                1.991804771000091
              ],
              [
                -77.74826050399997,
                1.974142089000054
              ],
              [
                -77.71793360499998,
                1.946380053000041
              ],
              [
                -77.64424158899988,
                1.897674657000152
              ],
              [
                -77.63501763899995,
                1.894518033000111
              ],
              [
                -77.62406165399995,
                1.894111007000163
              ],
              [
                -77.61721062099991,
                1.895797949000098
              ],
              [
                -77.5919036439999,
                1.891860969000163
              ],
              [
                -77.54638655699995,
                1.889188148000073
              ],
              [
                -77.54058862699992,
                1.885015469000052
              ],
              [
                -77.53584262599998,
                1.875672161000068
              ],
              [
                -77.53764356099998,
                1.857741594000174
              ],
              [
                -77.54144257499996,
                1.851897228000155
              ],
              [
                -77.54657749699993,
                1.85192690000008
              ],
              [
                -77.56085154299996,
                1.872364662000052
              ],
              [
                -77.57279960999983,
                1.877952039000036
              ],
              [
                -77.58169549199994,
                1.878691993000189
              ],
              [
                -77.59026364099992,
                1.876671117000114
              ],
              [
                -77.60369161699992,
                1.861221257000068
              ],
              [
                -77.61155652499991,
                1.863336347000086
              ],
              [
                -77.61631057299996,
                1.870262816000036
              ],
              [
                -77.62210850299982,
                1.874435328000118
              ],
              [
                -77.63954151999991,
                1.878674224
              ],
              [
                -77.64673654599989,
                1.877334125000061
              ],
              [
                -77.65122254099998,
                1.8704586180001
              ],
              [
                -77.64850663599998,
                1.865958877000025
              ],
              [
                -77.6485445219999,
                1.858369734000121
              ],
              [
                -77.65335858499998,
                1.853912070000035
              ],
              [
                -77.66604660699994,
                1.849498160000053
              ],
              [
                -77.6694486539999,
                1.852968100000112
              ],
              [
                -77.67756652699995,
                1.871641639000188
              ],
              [
                -77.68506665399991,
                1.878929201000062
              ],
              [
                -77.69155156499994,
                1.881724733999988
              ],
              [
                -77.69737950199993,
                1.880377929000019
              ],
              [
                -77.69947061899995,
                1.872109517000183
              ],
              [
                -77.70092052099994,
                1.855214953000086
              ],
              [
                -77.70574950299988,
                1.8486874620001
              ],
              [
                -77.7112124919999,
                1.851476960000184
              ],
              [
                -77.7179946249999,
                1.863589313000034
              ],
              [
                -77.72684457399993,
                1.873987567000142
              ],
              [
                -77.74493456499994,
                1.883056786000111
              ],
              [
                -77.75350154099993,
                1.880345072000068
              ],
              [
                -77.76929455499999,
                1.87042978400018
              ],
              [
                -77.80564854499994,
                1.854418840000051
              ],
              [
                -77.8077235689999,
                1.849946257000113
              ],
              [
                -77.80916559199994,
                1.834088366000117
              ],
              [
                -77.80269660699992,
                1.827498011000102
              ],
              [
                -77.78288262599989,
                1.821868390000134
              ],
              [
                -77.77708452799988,
                1.818041716000039
              ],
              [
                -77.77676350099995,
                1.812520891000077
              ],
              [
                -77.78191350999992,
                1.809445236000045
              ],
              [
                -77.80278763399997,
                1.809217247999982
              ],
              [
                -77.83352658799987,
                1.821461364000186
              ],
              [
                -77.86844660199989,
                1.817171674000178
              ],
              [
                -77.87633564999993,
                1.813766945000111
              ],
              [
                -77.87909664799986,
                1.80860838600006
              ],
              [
                -77.8753586549999,
                1.803759791000061
              ],
              [
                -77.84840362799997,
                1.788432643000078
              ],
              [
                -77.84568051499997,
                1.78531390400002
              ],
              [
                -77.84742763899993,
                1.777735490000055
              ],
              [
                -77.85393551599998,
                1.776392877000035
              ],
              [
                -77.88639058099994,
                1.786920882000118
              ],
              [
                -77.89665958599994,
                1.786288049000063
              ],
              [
                -77.90248852899998,
                1.783217086999969
              ],
              [
                -77.90389249699996,
                1.775981828000056
              ],
              [
                -77.89983364499994,
                1.766647573
              ],
              [
                -77.89166262999987,
                1.759358838000082
              ],
              [
                -77.88072961099988,
                1.755848329000173
              ],
              [
                -77.86260961299996,
                1.752642586000036
              ],
              [
                -77.85954250699996,
                1.750210660999983
              ],
              [
                -77.86435656899988,
                1.745753836000119
              ],
              [
                -77.87976049499997,
                1.74411601200012
              ],
              [
                -77.89414954099993,
                1.739369508000152
              ],
              [
                -77.89178450299994,
                1.733491949000097
              ],
              [
                -77.88256859999996,
                1.730335995000132
              ],
              [
                -77.87265062999995,
                1.72959017300002
              ],
              [
                -77.8343656159999,
                1.721095785000102
              ],
              [
                -77.82788053799999,
                1.717954918000032
              ],
              [
                -77.82209752799997,
                1.711712412000111
              ],
              [
                -77.82076262599998,
                1.704807065000125
              ],
              [
                -77.82283764999988,
                1.700334481000084
              ],
              [
                -77.82729363699991,
                1.698290471000064
              ],
              [
                -77.83277154599995,
                1.698666650000177
              ],
              [
                -77.84506964199988,
                1.702531378
              ],
              [
                -77.85122665299997,
                1.702566079000121
              ],
              [
                -77.869766584,
                1.690255075000096
              ],
              [
                -77.8769376379999,
                1.692710805000047
              ],
              [
                -77.89329559199996,
                1.705220124999983
              ],
              [
                -77.89910156899992,
                1.707666970000048
              ],
              [
                -77.90800449099993,
                1.70599293700019
              ],
              [
                -77.93891158599996,
                1.682371895000131
              ],
              [
                -77.94716658699997,
                1.673796538000147
              ],
              [
                -77.9506375329999,
                1.664850030000139
              ],
              [
                -77.951705555,
                1.655888602000118
              ],
              [
                -77.94627357899998,
                1.647236298000053
              ],
              [
                -77.93501249199994,
                1.642343781000022
              ],
              [
                -77.912101566,
                1.640487860000178
              ],
              [
                -77.90527349999991,
                1.63734414400011
              ],
              [
                -77.9029086299999,
                1.631812591000141
              ],
              [
                -77.91078962999995,
                1.629098698
              ],
              [
                -77.92036461399994,
                1.629153683000027
              ],
              [
                -77.94094855599991,
                1.61789142300006
              ],
              [
                -77.9478306019999,
                1.609999023000057
              ],
              [
                -77.94689149299995,
                1.593095574000074
              ],
              [
                -77.94009360199993,
                1.58477888200008
              ],
              [
                -77.9295194959999,
                1.578509386000064
              ],
              [
                -77.90660856899996,
                1.576651789000096
              ],
              [
                -77.88846560499991,
                1.578616507000106
              ],
              [
                -77.88542163299996,
                1.572735093000063
              ],
              [
                -77.90363349699993,
                1.557321108
              ],
              [
                -77.90091658599994,
                1.552131537000037
              ],
              [
                -77.89169364299994,
                1.550008736
              ],
              [
                -77.88729062899995,
                1.541015289000086
              ],
              [
                -77.88597852599992,
                1.531350955000164
              ],
              [
                -77.86927758399992,
                1.518491104000077
              ],
              [
                -77.85938257999993,
                1.514293446000067
              ],
              [
                -77.86666058599991,
                1.495366606000061
              ],
              [
                -77.8558045129999,
                1.479091967999977
              ],
              [
                -77.85311157499996,
                1.470797572000095
              ],
              [
                -77.85179159299997,
                1.460442401000137
              ],
              [
                -77.85387449599983,
                1.455625656000109
              ],
              [
                -77.86209060499993,
                1.453950952000127
              ],
              [
                -77.86788149399996,
                1.45881346200008
              ],
              [
                -77.87871560699995,
                1.479917753
              ],
              [
                -77.89639253799999,
                1.501406270000132
              ],
              [
                -77.90249657499999,
                1.512823261
              ],
              [
                -77.90792855099994,
                1.519753921000074
              ],
              [
                -77.91372664899995,
                1.522891770000058
              ],
              [
                -77.92091362799982,
                1.523623511000096
              ],
              [
                -77.92806255299996,
                1.529184233000137
              ],
              [
                -77.93585956699991,
                1.542679097000075
              ],
              [
                -77.94201657799988,
                1.543060306000086
              ],
              [
                -77.95541354199992,
                1.532447811000168
              ],
              [
                -77.96604162699998,
                1.529061185999979
              ],
              [
                -77.97290757899992,
                1.524272605000021
              ],
              [
                -77.98872355999998,
                1.507467727000119
              ],
              [
                -77.99385864899995,
                1.507152735000147
              ],
              [
                -77.9982836239999,
                1.511661361000165
              ],
              [
                -78.00160956299993,
                1.529959224000038
              ],
              [
                -77.99185151899997,
                1.565421547000142
              ],
              [
                -77.99108155699997,
                1.581970274000071
              ],
              [
                -77.99378958299985,
                1.587847832000023
              ],
              [
                -78.00059551999993,
                1.594439193000142
              ],
              [
                -78.00539348899991,
                1.592053368000165
              ],
              [
                -78.00751461399994,
                1.579305332
              ],
              [
                -78.01131463299993,
                1.571396168000035
              ],
              [
                -78.01576961499995,
                1.570387992000065
              ],
              [
                -78.02054562299998,
                1.572828970000103
              ],
              [
                -78.03746751199998,
                1.608789179000155
              ],
              [
                -78.04087861199991,
                1.610877949000098
              ],
              [
                -78.04702757599995,
                1.611602984000172
              ],
              [
                -78.05491662299988,
                1.607510268000112
              ],
              [
                -78.07077753099992,
                1.582773093000128
              ],
              [
                -78.08176452999993,
                1.574215672000037
              ],
              [
                -78.08929449599992,
                1.572879765000096
              ],
              [
                -78.1084285369999,
                1.577471706000154
              ],
              [
                -78.11664565199999,
                1.575449656000046
              ],
              [
                -78.12248951499998,
                1.569277223000086
              ],
              [
                -78.12494658599996,
                1.557912871000042
              ],
              [
                -78.12535059399994,
                1.544468130000041
              ],
              [
                -78.12916553299993,
                1.534490647999974
              ],
              [
                -78.14047959399988,
                1.528695233000178
              ],
              [
                -78.14663660499997,
                1.52838527
              ],
              [
                -78.15112259899996,
                1.521860796
              ],
              [
                -78.15080257799997,
                1.517032149999977
              ],
              [
                -78.15835551099997,
                1.511558430999969
              ],
              [
                -78.16552756999988,
                1.512979499000153
              ],
              [
                -78.17537664199989,
                1.526826403000086
              ],
              [
                -78.18151051899991,
                1.531344082000032
              ],
              [
                -78.18731649499989,
                1.531722944000137
              ],
              [
                -78.18906361899997,
                1.525871369000129
              ],
              [
                -78.18299864199997,
                1.50721895300012
              ],
              [
                -78.1888195379999,
                1.506217818000152
              ],
              [
                -78.19531249599999,
                1.507289863000096
              ],
              [
                -78.20587151399991,
                1.515280332000032
              ],
              [
                -78.22467765499994,
                1.515733121999972
              ],
              [
                -78.22779857299997,
                1.507132787000103
              ],
              [
                -78.23028565099997,
                1.4892191510001
              ],
              [
                -78.23476460499995,
                1.482350851999968
              ],
              [
                -78.24228652499994,
                1.483083765000117
              ],
              [
                -78.24636851199995,
                1.486554376000129
              ],
              [
                -78.24770358099988,
                1.493456873000071
              ],
              [
                -78.24731449399997,
                1.502418133999981
              ],
              [
                -78.2417675179999,
                1.517555180000102
              ],
              [
                -78.24172259099993,
                1.525828286000035
              ],
              [
                -78.24443061599999,
                1.532393999000135
              ],
              [
                -78.2505644929999,
                1.535531848000176
              ],
              [
                -78.25743849099996,
                1.529710113000135
              ],
              [
                -78.26383958299988,
                1.51608415600009
              ],
              [
                -78.27047754799997,
                1.52400773700009
              ],
              [
                -78.30155160999993,
                1.543433133000121
              ],
              [
                -78.31538359399997,
                1.557175096000037
              ],
              [
                -78.33265651699998,
                1.569751135000047
              ],
              [
                -78.36949162899987,
                1.592588469000134
              ],
              [
                -78.39598062199997,
                1.612014032000047
              ],
              [
                -78.41783861399995,
                1.622258394000028
              ],
              [
                -78.43858365699998,
                1.639404918000139
              ],
              [
                -78.47880555999996,
                1.648399371000096
              ],
              [
                -78.50645460899995,
                1.668949786000042
              ],
              [
                -78.56285056799999,
                1.699681364000128
              ],
              [
                -78.55719764499997,
                1.715807307000091
              ],
              [
                -78.5584026279999,
                1.727296382000077
              ],
              [
                -78.55856355999998,
                1.759485069000164
              ],
              [
                -78.56873349099999,
                1.779575318000013
              ],
              [
                -78.5682066039999,
                1.785601068000176
              ],
              [
                -78.55428359299998,
                1.801700692000168
              ],
              [
                -78.55116250699996,
                1.80232782600018
              ],
              [
                -78.54866754999989,
                1.805045575000065
              ],
              [
                -78.5457615439999,
                1.804625641000143
              ],
              [
                -78.55282564399988,
                1.812995810000189
              ],
              [
                -78.55386349199995,
                1.817599654000048
              ],
              [
                -78.55303150399993,
                1.827221073000089
              ],
              [
                -78.5497055649999,
                1.835587386000157
              ],
              [
                -78.54201550399995,
                1.845205620000172
              ],
              [
                -78.53723161599999,
                1.863611273000117
              ],
              [
                -78.53681151599994,
                1.910051878000104
              ],
              [
                -78.53806259799995,
                1.913817532000053
              ],
              [
                -78.54367864099987,
                1.919886868000106
              ],
              [
                -78.54824862199996,
                1.920725897000125
              ],
              [
                -78.55116250699996,
                1.919054210000127
              ],
              [
                -78.5652995929999,
                1.916760083000099
              ],
              [
                -78.57839162299985,
                1.923668615000054
              ],
              [
                -78.58213749499998,
                1.947728869000059
              ],
              [
                -78.58068055299998,
                1.955050293000113
              ],
              [
                -78.58171856799987,
                1.963000864000094
              ],
              [
                -78.58005559799994,
                1.967602361000047
              ],
              [
                -78.57402750099999,
                1.974920936000103
              ],
              [
                -78.57236453099995,
                1.980987422000055
              ],
              [
                -78.57984957099995,
                2.000447016000066
              ],
              [
                -78.58310661099995,
                2.004799739000021
              ],
              [
                -78.5772396139999,
                2.012379996000107
              ],
              [
                -78.57734656699995,
                2.029635821000113
              ],
              [
                -78.5854946149999,
                2.046837498000059
              ],
              [
                -78.59246852599989,
                2.058293548000108
              ],
              [
                -78.59606955899994,
                2.082428903000164
              ],
              [
                -78.59625261999992,
                2.110042915
              ],
              [
                -78.5929335539999,
                2.129628238000066
              ],
              [
                -78.59545164499997,
                2.161831845000108
              ],
              [
                -78.58530451299998,
                2.191829670000175
              ],
              [
                -78.57392859399994,
                2.209179540000036
              ],
              [
                -78.56602462699993,
                2.229957775000173
              ],
              [
                -78.55709857099993,
                2.269166809000183
              ],
              [
                -78.52877863499998,
                2.330411364000042
              ],
              [
                -78.50832360599998,
                2.366272834000029
              ],
              [
                -78.49465959499997,
                2.385962092000057
              ],
              [
                -78.48670164799995,
                2.399846212000057
              ],
              [
                -78.4674306469999,
                2.419437569000024
              ],
              [
                -78.44701350399998,
                2.424897206000139
              ],
              [
                -78.43150363099994,
                2.434018728000069
              ],
              [
                -78.41658753099989,
                2.429989044000081
              ],
              [
                -78.40683753399998,
                2.425395258000094
              ],
              [
                -78.39479860599988,
                2.416794755000183
              ],
              [
                -78.3701095429999,
                2.420176518000119
              ],
              [
                -78.36091660699992,
                2.426448193000112
              ],
              [
                -78.34999850699995,
                2.431001746
              ],
              [
                -78.33277855799997,
                2.427532979000148
              ],
              [
                -78.31901563999992,
                2.417779796000104
              ],
              [
                -78.30699163299994,
                2.404022914000109
              ],
              [
                -78.29724163499992,
                2.398853124000141
              ],
              [
                -78.27942656999994,
                2.404530857000111
              ],
              [
                -78.25875864099987,
                2.402191132999974
              ],
              [
                -78.2203135339999,
                2.388361160000102
              ],
              [
                -78.20480349199994,
                2.390036870000188
              ],
              [
                -78.16105649499997,
                2.429405831000054
              ],
              [
                -78.14202856899988,
                2.457402897000179
              ],
              [
                -78.12706754299995,
                2.466522071999975
              ],
              [
                -78.12476352499993,
                2.469950103000031
              ],
              [
                -78.1092295119999,
                2.477924478000034
              ],
              [
                -78.08679149199997,
                2.486449712000024
              ],
              [
                -78.06723064499994,
                2.496130978000053
              ],
              [
                -78.04821763799998,
                2.512112752000064
              ],
              [
                -78.03784151299999,
                2.523536783000054
              ],
              [
                -78.03237952899997,
                2.536484980000125
              ],
              [
                -78.02104149699994,
                2.536997952000149
              ],
              [
                -77.97500657599994,
                2.553466548000074
              ],
              [
                -77.95896160099994,
                2.570891351000057
              ],
              [
                -77.93827053799993,
                2.582574383000178
              ],
              [
                -77.86572265099994,
                2.608455521000053
              ],
              [
                -77.82884261299989,
                2.616778080000017
              ],
              [
                -77.80925762499993,
                2.623834302000148
              ],
              [
                -77.78393556099996,
                2.63670253500004
              ],
              [
                -77.7436145829999,
                2.6531314
              ],
              [
                -77.71031965199984,
                2.688010846000111
              ],
              [
                -77.67707065399992,
                2.732144249000157
              ],
              [
                -77.66913550599992,
                2.758786296000153
              ],
              [
                -77.6451565569999,
                2.808659793000118
              ],
              [
                -77.62915064199996,
                2.838831292000123
              ],
              [
                -77.62340551799991,
                2.857748912000034
              ],
              [
                -77.61746258099998,
                2.853183457000057
              ],
              [
                -77.61476159699998,
                2.847945773000106
              ],
              [
                -77.60997754199991,
                2.843543933000035
              ],
              [
                -77.60603352099997,
                2.835584645000154
              ],
              [
                -77.60270657599995,
                2.833066889000065
              ],
              [
                -77.59542856999997,
                2.832218976000149
              ],
              [
                -77.59209458399988,
                2.833467712000072
              ],
              [
                -77.59353660599999,
                2.845400022000035
              ],
              [
                -77.61454752299994,
                2.85673520500012
              ],
              [
                -77.61917852499994,
                2.876727552000034
              ],
              [
                -77.60977151499992,
                2.883531981000033
              ],
              [
                -77.6056826549999,
                2.905908310000029
              ],
              [
                -77.59869348899991,
                2.933445377000055
              ],
              [
                -77.59173550299994,
                2.946630277999986
              ],
              [
                -77.58248154699987,
                2.958662668000102
              ],
              [
                -77.57035058599996,
                2.968388861000051
              ],
              [
                -77.55129265299996,
                2.978095103999976
              ],
              [
                -77.54260263099997,
                2.993001984000045
              ],
              [
                -77.53852852299991,
                3.007923783000024
              ],
              [
                -77.51363359999988,
                3.043465232000074
              ],
              [
                -77.50322763499997,
                3.053775308000127
              ],
              [
                -77.49203460899997,
                3.07295109100005
              ],
              [
                -77.48600751699996,
                3.075835639000104
              ],
              [
                -77.45168261799995,
                3.139753183000096
              ],
              [
                -77.43793461999996,
                3.163008271000081
              ],
              [
                -77.40921050899988,
                3.199110469000118
              ],
              [
                -77.39659155399994,
                3.217732208000143
              ],
              [
                -77.37935651699996,
                3.239862611000035
              ],
              [
                -77.35974856299993,
                3.253900623
              ],
              [
                -77.33325152299994,
                3.277256796000074
              ],
              [
                -77.32530262899996,
                3.30280785400015
              ],
              [
                -77.3058395139999,
                3.340030210000123
              ],
              [
                -77.28284460099997,
                3.369170064000116
              ],
              [
                -77.26914253599995,
                3.40172755500015
              ],
              [
                -77.25654554199991,
                3.426163653000174
              ],
              [
                -77.23819755599999,
                3.457601490000116
              ],
              [
                -77.23362757399985,
                3.468071660000135
              ],
              [
                -77.19461065299993,
                3.522689482000146
              ],
              [
                -77.2040406299999,
                3.546412783000051
              ],
              [
                -77.21616354399993,
                3.555650981000099
              ],
              [
                -77.22816458499994,
                3.570966060000103
              ],
              [
                -77.22042054499991,
                3.573920848000114
              ],
              [
                -77.22665349599993,
                3.581259371999977
              ],
              [
                -77.22581463499989,
                3.584188847000178
              ],
              [
                -77.21704850499998,
                3.595055314000149
              ],
              [
                -77.21278362499999,
                3.597494113000096
              ],
              [
                -77.20786260999995,
                3.607176384000127
              ],
              [
                -77.20557351199989,
                3.608218087000068
              ],
              [
                -77.19599953499983,
                3.601289606000137
              ],
              [
                -77.19371060399999,
                3.601912717000118
              ],
              [
                -77.19827253899996,
                3.611969995000038
              ],
              [
                -77.19888257399998,
                3.623273997000069
              ],
              [
                -77.19699848999994,
                3.627247857000043
              ],
              [
                -77.19052849899992,
                3.632676313000161
              ],
              [
                -77.18678262599997,
                3.632249339000168
              ],
              [
                -77.17242459399995,
                3.62384597800002
              ],
              [
                -77.17137149099995,
                3.626773777000096
              ],
              [
                -77.17240849999985,
                3.629706605000081
              ],
              [
                -77.17906959899994,
                3.635791028000028
              ],
              [
                -77.18364762699991,
                3.637894886000026
              ],
              [
                -77.18926953699997,
                3.638325045000158
              ],
              [
                -77.19886061299997,
                3.635834111000122
              ],
              [
                -77.19969159499993,
                3.63813812900014
              ],
              [
                -77.19675457599993,
                3.646505448000141
              ],
              [
                -77.19758555799996,
                3.650693214000057
              ],
              [
                -77.19987448799998,
                3.652581992000023
              ],
              [
                -77.20383460199997,
                3.649870279000083
              ],
              [
                -77.20591750499995,
                3.653013828000041
              ],
              [
                -77.20423156899989,
                3.66054630900004
              ],
              [
                -77.19839457999984,
                3.662836077000122
              ],
              [
                -77.18653854499996,
                3.655065885000113
              ],
              [
                -77.17070764499988,
                3.651681105000023
              ],
              [
                -77.15364058099993,
                3.642852614000049
              ],
              [
                -77.14218151399996,
                3.640943887000105
              ],
              [
                -77.14134952599994,
                3.643243714000107
              ],
              [
                -77.14591950699997,
                3.650161969000067
              ],
              [
                -77.14048753099996,
                3.659569314000123
              ],
              [
                -77.14382151699994,
                3.659577361000174
              ],
              [
                -77.14903254599989,
                3.654982904000065
              ],
              [
                -77.15695964699995,
                3.650813913000036
              ],
              [
                -77.16154454799988,
                3.651034190000189
              ],
              [
                -77.17089858399999,
                3.662567018000175
              ],
              [
                -77.1725466339999,
                3.671990624000045
              ],
              [
                -77.17211949199998,
                3.679316072000063
              ],
              [
                -77.16730459199994,
                3.694794933000139
              ],
              [
                -77.16458851999994,
                3.698138642000117
              ],
              [
                -77.16166658899994,
                3.698341651000135
              ],
              [
                -77.15104655,
                3.694758891
              ],
              [
                -77.14167759399999,
                3.694528891000175
              ],
              [
                -77.13897660899988,
                3.688661391000153
              ],
              [
                -77.13209556899989,
                3.694088841000166
              ],
              [
                -77.12771552199996,
                3.693869738000046
              ],
              [
                -77.12646460699995,
                3.696170571000096
              ],
              [
                -77.13020360599995,
                3.700993183000151
              ],
              [
                -77.13061549299982,
                3.704133211000112
              ],
              [
                -77.11750049699992,
                3.700754466000035
              ],
              [
                -77.11520351999997,
                3.703052281000168
              ],
              [
                -77.11289262899999,
                3.710792466000157
              ],
              [
                -77.1072765859999,
                3.708895809000126
              ],
              [
                -77.10455364099994,
                3.714331473000129
              ],
              [
                -77.11058861199996,
                3.718951075000064
              ],
              [
                -77.11225862199984,
                3.716024114000106
              ],
              [
                -77.1220545519999,
                3.713743398000076
              ],
              [
                -77.12871565099994,
                3.721084772000154
              ],
              [
                -77.12557964599995,
                3.72714740300006
              ],
              [
                -77.12120060399985,
                3.72755727800012
              ],
              [
                -77.11598152799996,
                3.73298707500004
              ],
              [
                -77.10617855699991,
                3.73945354500006
              ],
              [
                -77.10875649499997,
                3.741537287000142
              ],
              [
                -77.13096652699988,
                3.740347392
              ],
              [
                -77.13555964199998,
                3.738473701000146
              ],
              [
                -77.13827554699998,
                3.734083931000043
              ],
              [
                -77.14662157499998,
                3.72677625200015
              ],
              [
                -77.14953663399996,
                3.728875248000065
              ],
              [
                -77.14681251499997,
                3.734102036000024
              ],
              [
                -77.15868363699997,
                3.738943590000019
              ],
              [
                -77.16491658799998,
                3.747119969000039
              ],
              [
                -77.17263062099994,
                3.747137907000081
              ],
              [
                -77.17491955099996,
                3.750072579000062
              ],
              [
                -77.1747056449999,
                3.753421317000061
              ],
              [
                -77.16573365599999,
                3.759891810000113
              ],
              [
                -77.15614358499994,
                3.760288777000028
              ],
              [
                -77.14740762999992,
                3.754617414000165
              ],
              [
                -77.12469451699991,
                3.755405145000054
              ],
              [
                -77.12218463999989,
                3.757910999000103
              ],
              [
                -77.1232226539999,
                3.760633944000062
              ],
              [
                -77.13009665299995,
                3.763370636000161
              ],
              [
                -77.12633552599988,
                3.76985219400018
              ],
              [
                -77.12695360699996,
                3.772365925999964
              ],
              [
                -77.13509360899997,
                3.773814822000134
              ],
              [
                -77.1335825189999,
                3.776850748000129
              ],
              [
                -77.11798849099989,
                3.777159705000031
              ],
              [
                -77.13109560799995,
                3.785560886000155
              ],
              [
                -77.13234752899996,
                3.788285843000097
              ],
              [
                -77.13171352199998,
                3.791842620000182
              ],
              [
                -77.12754855499998,
                3.790995712000097
              ],
              [
                -77.12088058299992,
                3.792027692000033
              ],
              [
                -77.11151849999999,
                3.783424171000036
              ],
              [
                -77.110053511,
                3.785933043000114
              ],
              [
                -77.11421160599997,
                3.792431532000023
              ],
              [
                -77.1133725769999,
                3.793895347999978
              ],
              [
                -77.10983256399999,
                3.794305389999977
              ],
              [
                -77.10484365499997,
                3.788014939999982
              ],
              [
                -77.09983865299989,
                3.787375065000106
              ],
              [
                -77.10170764999992,
                3.792403704000037
              ],
              [
                -77.09938854499995,
                3.808306354000081
              ],
              [
                -77.09625958099997,
                3.808927285000038
              ],
              [
                -77.09479559699992,
                3.812274012000103
              ],
              [
                -77.09624449299997,
                3.817718561
              ],
              [
                -77.09310949399992,
                3.82189844800007
              ],
              [
                -77.0878986319999,
                3.824399105000111
              ],
              [
                -77.09622152699995,
                3.829859915000043
              ],
              [
                -77.10185952999996,
                3.825687068000036
              ],
              [
                -77.10726954599994,
                3.828209853000146
              ],
              [
                -77.10934456999996,
                3.833029448000048
              ],
              [
                -77.10827654799988,
                3.846214517000021
              ],
              [
                -77.10639950399991,
                3.848722382000119
              ],
              [
                -77.10077658799997,
                3.849128402000133
              ],
              [
                -77.09286457499991,
                3.84429657000004
              ],
              [
                -77.09119456399998,
                3.847222357000078
              ],
              [
                -77.09326958799994,
                3.852042119000089
              ],
              [
                -77.08950058199997,
                3.860197375000041
              ],
              [
                -77.08533460799987,
                3.860396529000184
              ],
              [
                -77.08199358099989,
                3.862691327000164
              ],
              [
                -77.07595056399998,
                3.862259324000036
              ],
              [
                -77.07179263799992,
                3.858690477000039
              ],
              [
                -77.06762649599983,
                3.857843737000167
              ],
              [
                -77.06471261199994,
                3.854906886000094
              ],
              [
                -77.06285048799998,
                3.848623476000114
              ],
              [
                -77.06097461799993,
                3.847780424000177
              ],
              [
                -77.05888350099985,
                3.851963161000128
              ],
              [
                -77.06075249799994,
                3.856990794000183
              ],
              [
                -77.05781564599994,
                3.865776035000124
              ],
              [
                -77.05384849199999,
                3.869325770999978
              ],
              [
                -77.05404663999997,
                3.874559599000179
              ],
              [
                -77.0519635689999,
                3.875810346000151
              ],
              [
                -77.04654651299995,
                3.87495958300002
              ],
              [
                -77.0446706429999,
                3.877049192000186
              ],
              [
                -77.05237562399998,
                3.878950040000063
              ],
              [
                -77.06258360799995,
                3.878765303000137
              ],
              [
                -77.06738258299998,
                3.875635500000101
              ],
              [
                -77.07675153899999,
                3.878797992000102
              ],
              [
                -77.07756760099988,
                3.889057274000038
              ],
              [
                -77.07652254599992,
                3.891357268000093
              ],
              [
                -77.06630651399996,
                3.893218218000072
              ],
              [
                -77.06318660199997,
                3.89237198100011
              ],
              [
                -77.0579836199999,
                3.887336637000033
              ],
              [
                -77.05590054899994,
                3.887542496000094
              ],
              [
                -77.05464158699988,
                3.89256225000014
              ],
              [
                -77.05026254599994,
                3.893180164000114
              ],
              [
                -77.04360161499994,
                3.888349338000069
              ],
              [
                -77.03318760299999,
                3.886231567000095
              ],
              [
                -77.02588662999995,
                3.889146290000099
              ],
              [
                -77.02463554699989,
                3.891654323000068
              ],
              [
                -77.02545948799997,
                3.894587989000172
              ],
              [
                -77.02733653199994,
                3.896266884000056
              ],
              [
                -77.03400450299995,
                3.893561037999973
              ],
              [
                -77.0386505919999,
                3.89431792400012
              ],
              [
                -77.04170965199995,
                3.898392534999971
              ],
              [
                -77.0400386359999,
                3.901738423000097
              ],
              [
                -77.03440063199997,
                3.904865040000061
              ],
              [
                -77.02793851999996,
                3.906106065000131
              ],
              [
                -77.02522261599995,
                3.911542567000026
              ],
              [
                -77.01917255799998,
                3.914668346999974
              ],
              [
                -77.01313054699983,
                3.913606695000112
              ],
              [
                -77.00501250599996,
                3.908772851000151
              ],
              [
                -77.00271552899989,
                3.908976866999978
              ],
              [
                -77.0025095019999,
                3.911278873000015
              ],
              [
                -77.00666055599999,
                3.918824094000058
              ],
              [
                -77.02291859799993,
                3.919073204000028
              ],
              [
                -77.02875558799991,
                3.915318447000118
              ],
              [
                -77.03459157199995,
                3.914703383000074
              ],
              [
                -77.05044560699997,
                3.908042117000093
              ],
              [
                -77.05564858899999,
                3.909310802000164
              ],
              [
                -77.05795260699995,
                3.904921031000129
              ],
              [
                -77.06150049899992,
                3.902415513000165
              ],
              [
                -77.07212858399998,
                3.903906151
              ],
              [
                -77.0750355959999,
                3.90663513100003
              ],
              [
                -77.08191663599996,
                3.903929117000132
              ],
              [
                -77.08295464999992,
                3.9072810400001
              ],
              [
                -77.07690459299994,
                3.912080518000039
              ],
              [
                -77.07731664699992,
                3.913757401000112
              ],
              [
                -77.07981864499999,
                3.914599615000157
              ],
              [
                -77.08628058999989,
                3.913148540000122
              ],
              [
                -77.09044656299994,
                3.915461275000041
              ],
              [
                -77.10313458499996,
                3.926374513000098
              ],
              [
                -77.1031265389999,
                3.929724256000043
              ],
              [
                -77.0856325009999,
                3.925916693000033
              ],
              [
                -77.07937658399999,
                3.927158556000052
              ],
              [
                -77.07417259499994,
                3.922122038000055
              ],
              [
                -77.07146456999993,
                3.921278818000076
              ],
              [
                -77.07061749499996,
                3.931952334000187
              ],
              [
                -77.0735325529999,
                3.934261883999966
              ],
              [
                -77.08978254899989,
                3.93367095900004
              ],
              [
                -77.10269956399992,
                3.936839822000138
              ],
              [
                -77.11083252499998,
                3.935183893000158
              ],
              [
                -77.11478459199992,
                3.937076862000026
              ],
              [
                -77.12001054099989,
                3.93122729900017
              ],
              [
                -77.11751558399993,
                3.928290448000098
              ],
              [
                -77.11521961299997,
                3.928495302000158
              ],
              [
                -77.11210657399994,
                3.922417919000111
              ],
              [
                -77.10814662799999,
                3.921571850000021
              ],
              [
                -77.10397361399998,
                3.922608859000093
              ],
              [
                -77.10065454799991,
                3.91757737000006
              ],
              [
                -77.10044852099992,
                3.914437509000095
              ],
              [
                -77.10316459199993,
                3.909628979000104
              ],
              [
                -77.10066963499992,
                3.905646066000031
              ],
              [
                -77.09650449999998,
                3.904170348000093
              ],
              [
                -77.09484857099994,
                3.901027637000084
              ],
              [
                -77.09526850399999,
                3.895585938000011
              ],
              [
                -77.09298661499997,
                3.891813076000119
              ],
              [
                -77.09299449399992,
                3.888254287000109
              ],
              [
                -77.09842663799998,
                3.880103054000074
              ],
              [
                -77.10176062399995,
                3.878227184000139
              ],
              [
                -77.10468255499995,
                3.878861192000159
              ],
              [
                -77.10550649599992,
                3.882630869000081
              ],
              [
                -77.10111253499997,
                3.893924980000065
              ],
              [
                -77.10443160099999,
                3.901677570000118
              ],
              [
                -77.10588854299993,
                3.900634358000104
              ],
              [
                -77.10757464699998,
                3.891008246000183
              ],
              [
                -77.1098784969999,
                3.886408592000066
              ],
              [
                -77.12135348999988,
                3.876178312000036
              ],
              [
                -77.12927254399989,
                3.87514851100002
              ],
              [
                -77.13405659999995,
                3.880392901000164
              ],
              [
                -77.13636061699998,
                3.876630432000184
              ],
              [
                -77.13511657499998,
                3.872858575000123
              ],
              [
                -77.14889558599992,
                3.858236681000164
              ],
              [
                -77.15640258599996,
                3.8553238020001
              ],
              [
                -77.16077458599995,
                3.855122971000071
              ],
              [
                -77.16390958599999,
                3.84926821199997
              ],
              [
                -77.17800861799992,
                3.85048023500002
              ],
              [
                -77.1758045119999,
                3.84050392600011
              ],
              [
                -77.17726849599995,
                3.836319345
              ],
              [
                -77.17935961299997,
                3.835068430000149
              ],
              [
                -77.18601953799998,
                3.838641970000083
              ],
              [
                -77.20185060599988,
                3.839513185000101
              ],
              [
                -77.20623065299992,
                3.837848204000124
              ],
              [
                -77.21186060999997,
                3.838069319000056
              ],
              [
                -77.21664449699995,
                3.842474847000062
              ],
              [
                -77.2214436399999,
                3.836833155000079
              ],
              [
                -77.22255658899996,
                3.832586716000151
              ],
              [
                -77.23365758199992,
                3.858567766000078
              ],
              [
                -77.23768659499996,
                3.883340648000058
              ],
              [
                -77.23651849299995,
                3.888524520000033
              ],
              [
                -77.2382356089999,
                3.911568719000059
              ],
              [
                -77.24170655599994,
                3.918485298000064
              ],
              [
                -77.24288153099991,
                3.924083738000036
              ],
              [
                -77.24971060299998,
                3.927422418000049
              ],
              [
                -77.27765653799997,
                3.936472694000145
              ],
              [
                -77.3078845309999,
                3.940854418000129
              ],
              [
                -77.3087926259999,
                3.949839818000157
              ],
              [
                -77.30127757999992,
                3.957570448000126
              ],
              [
                -77.2989886499999,
                3.957147329
              ],
              [
                -77.29856854899998,
                3.955052524000166
              ],
              [
                -77.30128462,
                3.950661915000069
              ],
              [
                -77.30025465199992,
                3.946892071000093
              ],
              [
                -77.29858363599999,
                3.946469958000023
              ],
              [
                -77.29753857999992,
                3.944358221000186
              ],
              [
                -77.29150360999984,
                3.945619195000063
              ],
              [
                -77.28775756999994,
                3.942262410000069
              ],
              [
                -77.28482859799988,
                3.947279985000023
              ],
              [
                -77.29044363499997,
                3.953989698000157
              ],
              [
                -77.2896046059999,
                3.95775635800004
              ],
              [
                -77.28543058599996,
                3.961305926000136
              ],
              [
                -77.2858505189999,
                3.962770916000181
              ],
              [
                -77.29042854699998,
                3.963408946000015
              ],
              [
                -77.2910535019999,
                3.965294707
              ],
              [
                -77.28520963899996,
                3.971562359000075
              ],
              [
                -77.28603357999992,
                3.975541080000028
              ],
              [
                -77.28290562099994,
                3.979302543000131
              ],
              [
                -77.27935756199992,
                3.979922804000012
              ],
              [
                -77.27706159099995,
                3.983267351000109
              ],
              [
                -77.27456663399994,
                3.9813784050001
              ],
              [
                -77.26934856399998,
                3.98534539200017
              ],
              [
                -77.26371760099994,
                3.987426116
              ],
              [
                -77.25309756199994,
                3.979449562000127
              ],
              [
                -77.25247964799996,
                3.977564807000078
              ],
              [
                -77.25895651199994,
                3.968368518000034
              ],
              [
                -77.26313053199993,
                3.964609736999989
              ],
              [
                -77.26625849099997,
                3.963987800000154
              ],
              [
                -77.26855462999993,
                3.960015113000168
              ],
              [
                -77.26084160199991,
                3.959790143000021
              ],
              [
                -77.25959755999992,
                3.955182611000168
              ],
              [
                -77.25250965499993,
                3.956004540000038
              ],
              [
                -77.24998452299991,
                3.970652251000104
              ],
              [
                -77.2416384949999,
                3.976705830000128
              ],
              [
                -77.23227657899997,
                3.968102477000173
              ],
              [
                -77.23749565499998,
                3.964974853
              ],
              [
                -77.2381206099999,
                3.963510702000121
              ],
              [
                -77.23603854499993,
                3.96224989600006
              ],
              [
                -77.23103354299997,
                3.964541676000124
              ],
              [
                -77.22622652199988,
                3.969975329000022
              ],
              [
                -77.21788753399994,
                3.974353029000042
              ],
              [
                -77.20892359099997,
                3.973914991000072
              ],
              [
                -77.20393350899991,
                3.969298406000064
              ],
              [
                -77.19475549299995,
                3.972419324000043
              ],
              [
                -77.20620751899997,
                3.979560538000101
              ],
              [
                -77.20849661699998,
                3.982496384000171
              ],
              [
                -77.20681755399988,
                3.989818814000103
              ],
              [
                -77.20889257799996,
                3.993800721000127
              ],
              [
                -77.21327262499995,
                3.99339168400013
              ],
              [
                -77.21681951199986,
                3.990677792000099
              ],
              [
                -77.21932251499999,
                3.986287015000187
              ],
              [
                -77.2239156309999,
                3.984203442000023
              ],
              [
                -77.22872164599994,
                3.976886711000077
              ],
              [
                -77.23558860399993,
                3.981298441999968
              ],
              [
                -77.24037953299995,
                3.982563439000103
              ],
              [
                -77.24183664299989,
                3.986753217000057
              ],
              [
                -77.23806763599998,
                3.994072630000176
              ],
              [
                -77.2318195979999,
                3.994896571000027
              ],
              [
                -77.22325848999998,
                4.004297714000131
              ],
              [
                -77.21991763099993,
                4.005754656000079
              ],
              [
                -77.21199756999994,
                4.0051109260001
              ],
              [
                -77.20886961199994,
                4.006359662000023
              ],
              [
                -77.20532255799992,
                4.010539214000175
              ],
              [
                -77.20426157699995,
                4.020165662000124
              ],
              [
                -77.20196560599999,
                4.023091282000109
              ],
              [
                -77.19758555799996,
                4.023709363000137
              ],
              [
                -77.1948775329999,
                4.026006172000052
              ],
              [
                -77.19215358199995,
                4.033536642000115
              ],
              [
                -77.19108555999992,
                4.046302616000162
              ],
              [
                -77.18774453299989,
                4.051528397000084
              ],
              [
                -77.18419664099997,
                4.054033245000085
              ],
              [
                -77.17294360099999,
                4.053171082000063
              ],
              [
                -77.17148565299993,
                4.054634060000126
              ],
              [
                -77.17522465199988,
                4.058199889000036
              ],
              [
                -77.18168659699995,
                4.061353496000095
              ],
              [
                -77.18875857599994,
                4.068276948000062
              ],
              [
                -77.19459556599992,
                4.068500075000145
              ],
              [
                -77.20397960899999,
                4.065588201000082
              ],
              [
                -77.2075196219999,
                4.066224220000038
              ],
              [
                -77.21105963499997,
                4.069790888000114
              ],
              [
                -77.21438557499982,
                4.077123377000078
              ],
              [
                -77.2196046499999,
                4.070644836000042
              ],
              [
                -77.22460965199997,
                4.070446855000114
              ],
              [
                -77.22752353699991,
                4.072755902000097
              ],
              [
                -77.23104058399986,
                4.087416521000137
              ],
              [
                -77.23561861199994,
                4.093077324000035
              ],
              [
                -77.24769559299989,
                4.101893577000169
              ],
              [
                -77.24935152199993,
                4.106084361000171
              ],
              [
                -77.2541504969999,
                4.105676330000108
              ],
              [
                -77.25727057599994,
                4.109449024000128
              ],
              [
                -77.2566375749999,
                4.115518528000166
              ],
              [
                -77.24932855499998,
                4.122621185000128
              ],
              [
                -77.24994663699988,
                4.125133912000081
              ],
              [
                -77.25349452899997,
                4.124512813000138
              ],
              [
                -77.25892650499992,
                4.118244491000041
              ],
              [
                -77.26187861099993,
                4.106984074000138
              ],
              [
                -77.27776349099992,
                4.103860307000048
              ],
              [
                -77.30054449799997,
                4.093308161000039
              ],
              [
                -77.30931062799988,
                4.088038626000184
              ],
              [
                -77.32330354499999,
                4.072256676
              ],
              [
                -77.34432954899995,
                4.059959754000033
              ],
              [
                -77.35484364099989,
                4.056433821999974
              ],
              [
                -77.36363256899995,
                4.063411589000111
              ],
              [
                -77.36723360199994,
                4.098395809000124
              ],
              [
                -77.36373851599996,
                4.10540442100006
              ],
              [
                -77.36553157299994,
                4.121147311000016
              ],
              [
                -77.3690796329999,
                4.135136037000166
              ],
              [
                -77.38142349399999,
                4.157851498000184
              ],
              [
                -77.3867724889999,
                4.185834482000189
              ],
              [
                -77.39382954899992,
                4.199814490000165
              ],
              [
                -77.39383658999998,
                4.203144118000125
              ],
              [
                -77.38414761199988,
                4.208927798000104
              ],
              [
                -77.3505475799999,
                4.219881772000178
              ],
              [
                -77.34185755799996,
                4.224492657000042
              ],
              [
                -77.31752053499997,
                4.227951366000127
              ],
              [
                -77.31270563399994,
                4.231083013000159
              ],
              [
                -77.3071135639999,
                4.255527324000184
              ],
              [
                -77.30095655299993,
                4.345036495000159
              ],
              [
                -77.29766062099998,
                4.365982033000023
              ],
              [
                -77.29801953399993,
                4.404322367000077
              ],
              [
                -77.30166649999995,
                4.420552916000133
              ],
              [
                -77.29945350999998,
                4.432195212000124
              ],
              [
                -77.29970563799998,
                4.458919067000124
              ],
              [
                -77.28849065099996,
                4.502034068000114
              ],
              [
                -77.27829758599995,
                4.531195883000066
              ],
              [
                -77.2716445339999,
                4.564974282000094
              ],
              [
                -77.2637556549999,
                4.591792349000059
              ],
              [
                -77.25716362299988,
                4.631390303000103
              ],
              [
                -77.25846851799997,
                4.64532924100007
              ],
              [
                -77.25626357399995,
                4.658141483000179
              ],
              [
                -77.25433355699994,
                4.69769736
              ],
              [
                -77.25366954299989,
                4.746545918000038
              ],
              [
                -77.25612661399998,
                4.759312898000132
              ],
              [
                -77.25758355699992,
                4.787210889000164
              ],
              [
                -77.2637556549999,
                4.820873283000083
              ],
              [
                -77.26161156399996,
                4.838344018999976
              ],
              [
                -77.26770755499996,
                4.863867417000108
              ],
              [
                -77.28576653299996,
                4.918339394000043
              ],
              [
                -77.29195355099995,
                4.950842906000162
              ],
              [
                -77.30403153799989,
                4.989096068000151
              ],
              [
                -77.30423756499988,
                5.007709761000058
              ],
              [
                -77.30905162699986,
                5.02161550600016
              ],
              [
                -77.3142165559999,
                5.065770366000152
              ],
              [
                -77.30797555899989,
                5.132174317000079
              ],
              [
                -77.30925765399996,
                5.142633592000095
              ],
              [
                -77.31410256199996,
                5.157705761999978
              ],
              [
                -77.31892349799989,
                5.171612513000184
              ],
              [
                -77.32610360299998,
                5.186656353000046
              ],
              [
                -77.3297654889999,
                5.200578526000129
              ],
              [
                -77.33696755599993,
                5.217948009000111
              ],
              [
                -77.33942462699991,
                5.22839437500005
              ],
              [
                -77.33866857899989,
                5.263322771000105
              ],
              [
                -77.34191857799993,
                5.338950337000142
              ],
              [
                -77.34100360999992,
                5.359916830000031
              ],
              [
                -77.34473456299997,
                5.378498503000174
              ],
              [
                -77.35193662899991,
                5.394707260000018
              ],
              [
                -77.38007350499987,
                5.40482438500004
              ],
              [
                -77.38745159099989,
                5.410644946000161
              ],
              [
                -77.38671850999998,
                5.412586697000108
              ],
              [
                -77.3844225389999,
                5.412792892000027
              ],
              [
                -77.37649560499995,
                5.409639117000154
              ],
              [
                -77.37648051799994,
                5.416334414000175
              ],
              [
                -77.38525352099998,
                5.417188530000146
              ],
              [
                -77.38754261899987,
                5.419285347000141
              ],
              [
                -77.38398751799997,
                5.424718832000053
              ],
              [
                -77.38835163999994,
                5.438328863000038
              ],
              [
                -77.38751261099998,
                5.442512606000037
              ],
              [
                -77.37852452899995,
                5.44772631800015
              ],
              [
                -77.37935651699996,
                5.450657972000045
              ],
              [
                -77.38499451999996,
                5.44899517000016
              ],
              [
                -77.38979349499994,
                5.451515106000102
              ],
              [
                -77.39355462199984,
                5.447546441999975
              ],
              [
                -77.39627052699996,
                5.447969393000108
              ],
              [
                -77.39835359699998,
                5.449648121000052
              ],
              [
                -77.3989795579999,
                5.452787982000075
              ],
              [
                -77.39709463499997,
                5.457178590000069
              ],
              [
                -77.39772059599994,
                5.459063512000114
              ],
              [
                -77.40189360999995,
                5.459697352000148
              ],
              [
                -77.41002657099989,
                5.46850270900012
              ],
              [
                -77.41169758699988,
                5.465993838000088
              ],
              [
                -77.41065957199999,
                5.459087317000183
              ],
              [
                -77.41694650299996,
                5.44466038500002
              ],
              [
                -77.42217261899998,
                5.441321873000049
              ],
              [
                -77.42404949499996,
                5.444046495000066
              ],
              [
                -77.4277645219999,
                5.472092343000099
              ],
              [
                -77.43818657999992,
                5.483829689000117
              ],
              [
                -77.4563365859999,
                5.493697872000155
              ],
              [
                -77.46698763799986,
                5.492879798000104
              ],
              [
                -77.47032950299996,
                5.494768911
              ],
              [
                -77.4734645019999,
                5.489752175000092
              ],
              [
                -77.47743249499996,
                5.48976022100004
              ],
              [
                -77.48621354499988,
                5.483498772000189
              ],
              [
                -77.48810550799993,
                5.470946704000085
              ],
              [
                -77.4916606079999,
                5.470326443000033
              ],
              [
                -77.49874163999988,
                5.481427939000184
              ],
              [
                -77.50312051399999,
                5.485620567000183
              ],
              [
                -77.5081325569999,
                5.48583950200009
              ],
              [
                -77.51397658699995,
                5.488569320000181
              ],
              [
                -77.5164795909999,
                5.48669143900014
              ],
              [
                -77.52316264999996,
                5.486702335000132
              ],
              [
                -77.52776364499988,
                5.480851767000104
              ],
              [
                -77.5319364909999,
                5.482741718000113
              ],
              [
                -77.53652960599999,
                5.48337757000013
              ],
              [
                -77.53966561199996,
                5.48212883399998
              ],
              [
                -77.54550964199996,
                5.483393663000129
              ],
              [
                -77.54696658499995,
                5.48799918300017
              ],
              [
                -77.54424263399994,
                5.494271864000041
              ],
              [
                -77.53630061299998,
                5.50241924200003
              ],
              [
                -77.52584854699995,
                5.510351707000041
              ],
              [
                -77.52229361399998,
                5.517250014000183
              ],
              [
                -77.52018757699994,
                5.529382316000181
              ],
              [
                -77.52058454399997,
                5.548005899000032
              ],
              [
                -77.52391065099994,
                5.554707398
              ],
              [
                -77.51847850699988,
                5.55762715000003
              ],
              [
                -77.5176315999999,
                5.569971347000092
              ],
              [
                -77.51030749299991,
                5.577909679000186
              ],
              [
                -77.50611855299996,
                5.587946003000127
              ],
              [
                -77.50298355399991,
                5.591496745000143
              ],
              [
                -77.49859663299998,
                5.592326553000021
              ],
              [
                -77.48670153899997,
                5.585190033000174
              ],
              [
                -77.48127760899996,
                5.584553344000028
              ],
              [
                -77.44868457899997,
                5.59641943600019
              ],
              [
                -77.4375995119999,
                5.609163282000168
              ],
              [
                -77.43258663099994,
                5.6081083360001
              ],
              [
                -77.42485851599992,
                5.6120692880001
              ],
              [
                -77.41399355799996,
                5.614559048000046
              ],
              [
                -77.40898151499994,
                5.612876297000184
              ],
              [
                -77.40418253999997,
                5.613704094000184
              ],
              [
                -77.3947825709999,
                5.610965223000164
              ],
              [
                -77.39186851899996,
                5.608450485000105
              ],
              [
                -77.39020554899992,
                5.598612142000093
              ],
              [
                -77.38645950899996,
                5.594839448000187
              ],
              [
                -77.37873055599994,
                5.593150494000099
              ],
              [
                -77.37476356899998,
                5.59481648100018
              ],
              [
                -77.36222859999998,
                5.595629358
              ],
              [
                -77.34384155499998,
                5.605009714000062
              ],
              [
                -77.33525060699998,
                5.621731443000101
              ],
              [
                -77.33879061999994,
                5.630525736000038
              ],
              [
                -77.33773751699994,
                5.634290551000106
              ],
              [
                -77.33564757399995,
                5.636587528000177
              ],
              [
                -77.33000956999996,
                5.635530402000086
              ],
              [
                -77.32771259399993,
                5.638873105000187
              ],
              [
                -77.32888052799996,
                5.64239585200005
              ],
              [
                -77.31316362099989,
                5.643346862000044
              ],
              [
                -77.30207855399993,
                5.639918999000031
              ],
              [
                -77.28810860399994,
                5.641706021000061
              ],
              [
                -77.27761865199994,
                5.640587205000088
              ],
              [
                -77.26538057099998,
                5.641210148000027
              ],
              [
                -77.25666054099992,
                5.646443808000129
              ],
              [
                -77.24618550899999,
                5.648793423000143
              ],
              [
                -77.23805254899997,
                5.655182948000061
              ],
              [
                -77.23110160399995,
                5.666193248000127
              ],
              [
                -77.19876053399992,
                5.74322662700007
              ],
              [
                -77.19780751099995,
                5.795865817
              ],
              [
                -77.20371256199985,
                5.813776435000136
              ],
              [
                -77.21135752799984,
                5.829366104000087
              ],
              [
                -77.22247360799997,
                5.838578487000177
              ],
              [
                -77.23127762399992,
                5.8512707000001
              ],
              [
                -77.24710064599998,
                5.869718263000095
              ],
              [
                -77.26401549399998,
                5.870805060000066
              ],
              [
                -77.27797655899997,
                5.862650810000048
              ],
              [
                -77.29689753199989,
                5.845937127000127
              ],
              [
                -77.30148360699991,
                5.852640638000082
              ],
              [
                -77.30147555999997,
                5.860173119000081
              ],
              [
                -77.30397051799997,
                5.866035422000095
              ],
              [
                -77.31002862199995,
                5.864164749000167
              ],
              [
                -77.31211856599987,
                5.865632755000092
              ],
              [
                -77.31315658099993,
                5.868774293000172
              ],
              [
                -77.30917349999999,
                5.875877788000025
              ],
              [
                -77.31832150899999,
                5.905393822000065
              ],
              [
                -77.31913757099994,
                5.917528639000182
              ],
              [
                -77.3268435579999,
                5.936372498000139
              ],
              [
                -77.32579062299999,
                5.940344179000022
              ],
              [
                -77.33765453699993,
                5.969863901
              ],
              [
                -77.33534951299998,
                5.972369922000155
              ],
              [
                -77.33660160199992,
                5.976136582000038
              ],
              [
                -77.33596759499994,
                5.979902068000058
              ],
              [
                -77.34199552399991,
                6.003342563
              ],
              [
                -77.34156754399993,
                6.007106205000184
              ],
              [
                -77.35303449099996,
                6.023864144000015
              ],
              [
                -77.35093649999993,
                6.02720668
              ],
              [
                -77.35842153999994,
                6.057343477000188
              ],
              [
                -77.36405954299994,
                6.058399430000065
              ],
              [
                -77.37010960099997,
                6.06489590800004
              ],
              [
                -77.3707426019999,
                6.060086204000186
              ],
              [
                -77.36054953799993,
                6.02596984600018
              ],
              [
                -77.35994754899997,
                6.011116778000144
              ],
              [
                -77.35849764799991,
                6.0056764200001
              ],
              [
                -77.35954253599994,
                6.00463136500008
              ],
              [
                -77.36664552799994,
                6.005272245000128
              ],
              [
                -77.36768354299994,
                6.007785140000124
              ],
              [
                -77.36663060799987,
                6.01112985400016
              ],
              [
                -77.37121550899997,
                6.021179086000075
              ],
              [
                -77.37078853499997,
                6.028499505000127
              ],
              [
                -77.37536656299994,
                6.039804680000032
              ],
              [
                -77.38892362099989,
                6.058656419000101
              ],
              [
                -77.41792249099996,
                6.086951544999977
              ],
              [
                -77.42105061799998,
                6.093439976000127
              ],
              [
                -77.42040252899989,
                6.109963725000114
              ],
              [
                -77.42918357799994,
                6.101823220000085
              ],
              [
                -77.43211355599988,
                6.10203729400007
              ],
              [
                -77.43419662699995,
                6.107478826000147
              ],
              [
                -77.44775351699997,
                6.12402872600012
              ],
              [
                -77.45671058599999,
                6.142870406000156
              ],
              [
                -77.4600526189999,
                6.146851139000091
              ],
              [
                -77.462959631,
                6.158359325000163
              ],
              [
                -77.47235155299995,
                6.171344066000074
              ],
              [
                -77.47525755899994,
                6.185154089999969
              ],
              [
                -77.47776056299995,
                6.189342862
              ],
              [
                -77.47837864399997,
                6.195827270000052
              ],
              [
                -77.47459454999989,
                6.21129825200012
              ],
              [
                -77.47226756599991,
                6.229281960000037
              ],
              [
                -77.46512551399996,
                6.257086913000137
              ],
              [
                -77.46675160399997,
                6.293062209000141
              ],
              [
                -77.46132650099997,
                6.28677762500007
              ],
              [
                -77.45256757899983,
                6.271911816999989
              ],
              [
                -77.44232958799995,
                6.270429058000161
              ],
              [
                -77.43230449599997,
                6.264137267000137
              ],
              [
                -77.41937256099993,
                6.246543819000181
              ],
              [
                -77.41374964499994,
                6.232310677000044
              ],
              [
                -77.41062151799991,
                6.22958605600013
              ],
              [
                -77.39829257699989,
                6.229145
              ],
              [
                -77.39472959799997,
                6.231647836000036
              ],
              [
                -77.39179257899997,
                6.24293591300011
              ],
              [
                -77.39282958799998,
                6.247331718000112
              ],
              [
                -77.40013860699997,
                6.250062375000141
              ],
              [
                -77.38842053899992,
                6.26238042000017
              ],
              [
                -77.37877648899985,
                6.279931287000068
              ],
              [
                -77.38211064199993,
                6.286837807000097
              ],
              [
                -77.38211064199993,
                6.291022389000091
              ],
              [
                -77.37770058799998,
                6.304607610000176
              ],
              [
                -77.37263456599999,
                6.33596933900003
              ],
              [
                -77.36928549199996,
                6.341400812000131
              ],
              [
                -77.36905649899995,
                6.35708469399998
              ],
              [
                -77.37113956899998,
                6.361898253000106
              ],
              [
                -77.38241557599991,
                6.368612660999986
              ],
              [
                -77.38890065399988,
                6.361097279000091
              ],
              [
                -77.39765957599991,
                6.375962416000164
              ],
              [
                -77.40204649599991,
                6.377852032000021
              ],
              [
                -77.40664665199995,
                6.377024236000125
              ],
              [
                -77.4089436289999,
                6.381419873000084
              ],
              [
                -77.4062116309999,
                6.388107459000082
              ],
              [
                -77.4034955599999,
                6.389775122000117
              ],
              [
                -77.39701064899998,
                6.389972264000107
              ],
              [
                -77.38740549099998,
                6.386607433000165
              ],
              [
                -77.38175156199998,
                6.394125833000146
              ],
              [
                -77.37757854699993,
                6.387007585000049
              ],
              [
                -77.37507654899997,
                6.384910601000058
              ],
              [
                -77.37214657099997,
                6.385323493000158
              ],
              [
                -77.3639906439999,
                6.388653456000043
              ],
              [
                -77.35561360199995,
                6.401395290000039
              ],
              [
                -77.35936752199996,
                6.407465967000064
              ],
              [
                -77.36208359299997,
                6.405799142000092
              ],
              [
                -77.36457855099997,
                6.41291370100015
              ],
              [
                -77.36917149799996,
                6.417104150000057
              ],
              [
                -77.37209359699995,
                6.422548866000056
              ],
              [
                -77.37125356299998,
                6.42568269200018
              ],
              [
                -77.36498255799995,
                6.426716516000113
              ],
              [
                -77.36246463499998,
                6.429431415000124
              ],
              [
                -77.35971855599996,
                6.449502050000149
              ],
              [
                -77.35657450399987,
                6.454513422000161
              ],
              [
                -77.35218054199993,
                6.457224465000024
              ],
              [
                -77.35070750699998,
                6.463075871000115
              ],
              [
                -77.3525775089999,
                6.471234313000139
              ],
              [
                -77.35695655099994,
                6.481071482000061
              ],
              [
                -77.35423259999999,
                6.486921045000088
              ],
              [
                -77.34690061399994,
                6.493807784000126
              ],
              [
                -77.33705154199993,
                6.510098516000141
              ],
              [
                -77.33493762599994,
                6.527032307000127
              ],
              [
                -77.32801065399991,
                6.545837945000073
              ],
              [
                -77.32778953899992,
                6.550438604000135
              ],
              [
                -77.33007863699999,
                6.557551989999979
              ],
              [
                -77.33229062099991,
                6.559857852
              ],
              [
                -77.32522551499994,
                6.56986617900003
              ],
              [
                -77.31669659399995,
                6.606884352000066
              ],
              [
                -77.32042653999997,
                6.627962826999976
              ],
              [
                -77.32942954299989,
                6.643717787000071
              ],
              [
                -77.32971955599999,
                6.67538344400009
              ],
              [
                -77.3350985589999,
                6.682373951000159
              ],
              [
                -77.3476105609999,
                6.694576158000189
              ],
              [
                -77.35121964099989,
                6.701581585000099
              ],
              [
                -77.3762815319999,
                6.729501369000047
              ],
              [
                -77.37989061099984,
                6.736506126000108
              ],
              [
                -77.39236455999998,
                6.743426561000092
              ],
              [
                -77.40835555499996,
                6.748554106000029
              ],
              [
                -77.43321259099997,
                6.753594815000099
              ],
              [
                -77.44383950399993,
                6.753492723000022
              ],
              [
                -77.46513356099985,
                6.756804581000154
              ],
              [
                -77.48646550499996,
                6.763632982000161
              ],
              [
                -77.53786450799993,
                6.766639738000038
              ],
              [
                -77.55989064099992,
                6.757170367000185
              ],
              [
                -77.5610656159999,
                6.759113292000109
              ],
              [
                -77.56105052899989,
                6.771657313000162
              ],
              [
                -77.56230161199994,
                6.774795163000078
              ],
              [
                -77.56480461599995,
                6.776472214000023
              ],
              [
                -77.57314259799995,
                6.797602489000155
              ],
              [
                -77.57627860299993,
                6.799906339000188
              ],
              [
                -77.58024558999995,
                6.807439826000063
              ],
              [
                -77.58734858299994,
                6.812678515000187
              ],
              [
                -77.59152260299999,
                6.820001784000112
              ],
              [
                -77.60488855299985,
                6.833612821000031
              ],
              [
                -77.61805752899994,
                6.844295054000042
              ],
              [
                -77.64271557899991,
                6.857923190000179
              ],
              [
                -77.65840164099995,
                6.857947163000119
              ],
              [
                -77.66423762399995,
                6.874261867000143
              ],
              [
                -77.67699454599995,
                6.876581810000175
              ],
              [
                -77.68202251399993,
                6.873454186
              ],
              [
                -77.68704964499995,
                6.862173821000056
              ],
              [
                -77.68790459899998,
                6.847750913000084
              ],
              [
                -77.69126155099991,
                6.840230334000182
              ],
              [
                -77.69711262199996,
                6.840866353000138
              ],
              [
                -77.70129351599996,
                6.845889124000109
              ],
              [
                -77.70442164199989,
                6.854255270000067
              ],
              [
                -77.70649750399997,
                6.87035522900004
              ],
              [
                -77.71109061899995,
                6.877887543000099
              ],
              [
                -77.71316564299997,
                6.889807782000048
              ],
              [
                -77.71127351199988,
                6.899211104000074
              ],
              [
                -77.70645157099989,
                6.911536358000035
              ],
              [
                -77.69912763199989,
                6.91424321
              ],
              [
                -77.69702964099997,
                6.916748896000058
              ],
              [
                -77.69890551099991,
                6.925530280000089
              ],
              [
                -77.69721253499989,
                6.941833082000187
              ],
              [
                -77.69072762399998,
                6.943912800000135
              ],
              [
                -77.68047353899993,
                6.955656014000112
              ],
              [
                -77.66206352599983,
                6.948277424000139
              ],
              [
                -77.63381952999998,
                6.959140706000142
              ],
              [
                -77.63039351099991,
                6.969734091000078
              ],
              [
                -77.62371061999994,
                7.006754443000034
              ],
              [
                -77.62942456299993,
                7.041882831000066
              ],
              [
                -77.64575955099997,
                7.0751335060001
              ],
              [
                -77.66007952999996,
                7.087290618000054
              ],
              [
                -77.68347962399997,
                7.116938416000153
              ],
              [
                -77.73869356799997,
                7.137414735000164
              ],
              [
                -77.7795186329999,
                7.140452504000052
              ],
              [
                -77.78508756899998,
                7.131370209000067
              ],
              [
                -77.78885657599994,
                7.137392774000034
              ],
              [
                -77.79909557399998,
                7.147230278000052
              ],
              [
                -77.80474061799993,
                7.15058086
              ],
              [
                -77.80809052899997,
                7.151004817000171
              ],
              [
                -77.81248448999992,
                7.147248048000108
              ],
              [
                -77.82461561899993,
                7.150190934000079
              ],
              [
                -77.82712549599995,
                7.154792431000033
              ],
              [
                -77.83882864399999,
                7.166720718000136
              ],
              [
                -77.83861557699993,
                7.173408303000031
              ],
              [
                -77.8406986469999,
                7.181560710000042
              ],
              [
                -77.84676362499988,
                7.183868415000063
              ],
              [
                -77.85450749699999,
                7.183041457000058
              ],
              [
                -77.85680363599988,
                7.187224362000052
              ],
              [
                -77.85679659499993,
                7.194121662000157
              ],
              [
                -77.86433460799987,
                7.193295877000139
              ],
              [
                -77.86872052299992,
                7.197481464000134
              ],
              [
                -77.869766584,
                7.203961178000156
              ],
              [
                -77.87519856099993,
                7.208981770999969
              ],
              [
                -77.87853958699986,
                7.215256128000021
              ],
              [
                -77.88146956499997,
                7.215678073000163
              ],
              [
                -77.9071885969999,
                7.23786245600013
              ],
              [
                -77.91827349599987,
                7.243937157000119
              ],
              [
                -77.93123661299995,
                7.255864270000131
              ],
              [
                -77.93667562899986,
                7.258379009000123
              ],
              [
                -77.94963857799996,
                7.269259222000187
              ],
              [
                -77.95800053199991,
                7.28013658499998
              ],
              [
                -77.9680405439999,
                7.288298044000157
              ],
              [
                -77.97787452799992,
                7.293114453000157
              ],
              [
                -77.99188253199998,
                7.302744925000127
              ],
              [
                -77.99523160499996,
                7.306508735000136
              ],
              [
                -77.99417850299994,
                7.311941214000115
              ],
              [
                -78.00045051299998,
                7.324067313000057
              ],
              [
                -78.02136252399998,
                7.340389058000028
              ],
              [
                -78.02324660799997,
                7.343526069000177
              ],
              [
                -78.02805362899988,
                7.356695045000151
              ],
              [
                -78.02407054899993,
                7.364420310000128
              ],
              [
                -78.02301057299997,
                7.384269830000051
              ],
              [
                -78.02468158999994,
                7.388031628000078
              ],
              [
                -78.03283651099997,
                7.394309338000085
              ],
              [
                -78.03451557399995,
                7.390341681
              ],
              [
                -78.03954354199993,
                7.389719576000118
              ],
              [
                -78.04246564099998,
                7.392649218999964
              ],
              [
                -78.04413565199997,
                7.400172815000019
              ],
              [
                -78.04161856599995,
                7.408108298000172
              ],
              [
                -78.04537952599992,
                7.426498864
              ],
              [
                -78.04747064299994,
                7.427545931000054
              ],
              [
                -78.06232454899998,
                7.426934723000102
              ],
              [
                -78.06526156799998,
                7.422550317000059
              ],
              [
                -78.07091549699999,
                7.420259375000057
              ],
              [
                -78.09057659199993,
                7.442425652999987
              ],
              [
                -78.09664156999997,
                7.444729503000019
              ],
              [
                -78.10124960499991,
                7.443899695000141
              ],
              [
                -78.11338056499994,
                7.454774879000013
              ],
              [
                -78.11735559899995,
                7.456242886000098
              ],
              [
                -78.12070450499988,
                7.459587433000138
              ],
              [
                -78.13220263199992,
                7.478193078000118
              ],
              [
                -78.13073764299997,
                7.48425068
              ],
              [
                -78.1326145189999,
                7.489893209000172
              ],
              [
                -78.13889356999994,
                7.493868076000126
              ],
              [
                -78.14600360299988,
                7.500978444000111
              ],
              [
                -78.15647159399998,
                7.506212272000084
              ],
              [
                -78.16295650499995,
                7.512067701999968
              ],
              [
                -78.16525264399996,
                7.5158295
              ],
              [
                -78.16064460899992,
                7.522927966000111
              ],
              [
                -78.16232249799992,
                7.526063804000046
              ],
              [
                -78.16818262199996,
                7.52335376700006
              ],
              [
                -78.17111159399997,
                7.530458268000189
              ],
              [
                -78.17362264499991,
                7.526491784000086
              ],
              [
                -78.17467457399994,
                7.517718278000132
              ],
              [
                -78.17928361499997,
                7.51250071100003
              ],
              [
                -78.18241861399991,
                7.512921818000109
              ],
              [
                -78.18701960799996,
                7.522535861000051
              ],
              [
                -78.18596650599994,
                7.530263305000119
              ],
              [
                -78.18869062399989,
                7.534235154000044
              ],
              [
                -78.18785058999993,
                7.539457582000125
              ],
              [
                -78.18387555599986,
                7.538826760000177
              ],
              [
                -78.17842061399989,
                7.55114698400007
              ],
              [
                -78.18051156299998,
                7.559922334000021
              ],
              [
                -78.17758158499998,
                7.569529672000158
              ],
              [
                -78.18029748999993,
                7.576842044000159
              ],
              [
                -78.19243649699996,
                7.586463462999973
              ],
              [
                -78.19557954299995,
                7.579781913000147
              ],
              [
                -78.19746362699988,
                7.578739036000115
              ],
              [
                -78.201064493,
                7.581769765000104
              ],
              [
                -78.20394853799996,
                7.578327820000027
              ],
              [
                -78.20311755599988,
                7.567255661000047
              ],
              [
                -78.20458958599994,
                7.559318167000185
              ],
              [
                -78.20626060199999,
                7.557439279000164
              ],
              [
                -78.20898455299994,
                7.558068425000158
              ],
              [
                -78.21337164099992,
                7.576038219
              ],
              [
                -78.2110676239999,
                7.582092636000084
              ],
              [
                -78.20122559299995,
                7.591902983000125
              ],
              [
                -78.20268253499995,
                7.607153016999973
              ],
              [
                -78.21272254699994,
                7.619068060000075
              ],
              [
                -78.22319053799993,
                7.62826820500004
              ],
              [
                -78.22904160899998,
                7.636628651000024
              ],
              [
                -78.23908949999992,
                7.643740360000038
              ],
              [
                -78.23950960099995,
                7.651677687000188
              ],
              [
                -78.24180557099993,
                7.656901289000189
              ],
              [
                -78.25855261399994,
                7.671327383000062
              ],
              [
                -78.2623135739999,
                7.6730020870001
              ],
              [
                -78.26880653099988,
                7.666532431000178
              ],
              [
                -78.27194957799998,
                7.666743655000062
              ],
              [
                -78.27529865099996,
                7.668835443000148
              ],
              [
                -78.2765505719999,
                7.672595229000024
              ],
              [
                -78.27613063799998,
                7.683247455000128
              ],
              [
                -78.28240952199991,
                7.68993688400019
              ],
              [
                -78.29455556999989,
                7.687856999000132
              ],
              [
                -78.29706561499995,
                7.689322994
              ],
              [
                -78.29915656499992,
                7.697887455000171
              ],
              [
                -78.28930665499985,
                7.713962269000035
              ],
              [
                -78.28574350799988,
                7.731502910000188
              ],
              [
                -78.28804065199989,
                7.749465664000127
              ],
              [
                -78.3093875159999,
                7.789163698000095
              ],
              [
                -78.32863655599982,
                7.816536647000021
              ],
              [
                -78.34307857599998,
                7.84453069500006
              ],
              [
                -78.34851859799994,
                7.865208180000025
              ],
              [
                -78.35961154399996,
                7.882758041000045
              ],
              [
                -78.37741051599994,
                7.898221814000067
              ],
              [
                -78.38829760199997,
                7.903868534000082
              ],
              [
                -78.39876559299995,
                7.914106694000054
              ],
              [
                -78.40127563799996,
                7.91849344700006
              ],
              [
                -78.40171853799995,
                7.920576350000147
              ],
              [
                -78.30805965499991,
                7.939741907000098
              ],
              [
                -78.24430857499993,
                7.937560935000079
              ],
              [
                -78.208419613,
                7.925001995000116
              ],
              [
                -78.15596063399994,
                7.910742868999989
              ],
              [
                -78.10124155799997,
                7.898878954999986
              ],
              [
                -78.05423752099989,
                7.90297753800013
              ],
              [
                -77.9788746559999,
                7.905802407000181
              ],
              [
                -77.91601557899992,
                7.926738893000163
              ],
              [
                -77.85414858399997,
                7.973204476000092
              ],
              [
                -77.80584753199997,
                8.00521630500009
              ],
              [
                -77.73313854499997,
                8.077664950000099
              ],
              [
                -77.69940155199993,
                8.120775760000015
              ],
              [
                -77.66401650999995,
                8.182567318000167
              ],
              [
                -77.65186358799991,
                8.234210738000115
              ],
              [
                -77.67031064899999,
                8.282410370000093
              ],
              [
                -77.68404355899992,
                8.33078283600014
              ],
              [
                -77.70524558299985,
                8.388191832000189
              ],
              [
                -77.74262250099997,
                8.435684366000089
              ],
              [
                -77.765472575,
                8.474402556000143
              ],
              [
                -77.84938062199996,
                8.559693282000012
              ],
              [
                -77.88577249899993,
                8.581583964000117
              ],
              [
                -77.9350435049999,
                8.628577607000182
              ],
              [
                -77.98591662799998,
                8.65687055300009
              ],
              [
                -78.04506654599999,
                8.712757396000086
              ],
              [
                -78.09449764599992,
                8.762023876
              ],
              [
                -78.14088460699992,
                8.795101715000158
              ]
            ]
          ],
          [
            [
              [
                -78.8816985009999,
                8.465239292000149
              ],
              [
                -78.87983654499993,
                8.46342125700005
              ],
              [
                -78.87616761799995,
                8.464608134000116
              ],
              [
                -78.87335951299997,
                8.460734354000067
              ],
              [
                -78.87469458199996,
                8.457046652000145
              ],
              [
                -78.87155153599991,
                8.450895173000163
              ],
              [
                -78.8696136399999,
                8.455952814000057
              ],
              [
                -78.86708850799988,
                8.456208629000173
              ],
              [
                -78.8619535869999,
                8.450981004000084
              ],
              [
                -78.85865765499989,
                8.444127625000135
              ],
              [
                -78.85997059599998,
                8.437912946000097
              ],
              [
                -78.85874951999995,
                8.432185424000124
              ],
              [
                -78.86280854099994,
                8.417537713000058
              ],
              [
                -78.85772659299994,
                8.422781264000037
              ],
              [
                -78.85700960499997,
                8.420722333000128
              ],
              [
                -78.85948159599991,
                8.410466237000094
              ],
              [
                -78.85511060099992,
                8.415690845000029
              ],
              [
                -78.84603853199991,
                8.408208152000043
              ],
              [
                -78.84450564899998,
                8.41465467400019
              ],
              [
                -78.8417436449999,
                8.414912836000042
              ],
              [
                -78.83838652499998,
                8.403696675999981
              ],
              [
                -78.84157550399993,
                8.400218689000098
              ],
              [
                -78.83877561299994,
                8.397033063000094
              ],
              [
                -78.83686856199995,
                8.391313420000188
              ],
              [
                -78.83155862599989,
                8.389991426000051
              ],
              [
                -78.82862060199989,
                8.395533206000096
              ],
              [
                -78.82494362799997,
                8.396031258000107
              ],
              [
                -78.8211825009999,
                8.389181567000094
              ],
              [
                -78.81774860299998,
                8.391054586999985
              ],
              [
                -78.8154375439999,
                8.390390573000104
              ],
              [
                -78.8137435619999,
                8.382829928000092
              ],
              [
                -78.81120250399988,
                8.382168093000132
              ],
              [
                -78.80976852799989,
                8.377819562000127
              ],
              [
                -78.8124695119999,
                8.371821975000103
              ],
              [
                -78.81475860999996,
                8.370420018
              ],
              [
                -78.82974260299994,
                8.371640758000126
              ],
              [
                -78.8344195379999,
                8.378020392000053
              ],
              [
                -78.83149760599991,
                8.384710995000034
              ],
              [
                -78.83221459399994,
                8.38722858400007
              ],
              [
                -78.84392562199997,
                8.383660910000117
              ],
              [
                -78.85179857599991,
                8.38748071100008
              ],
              [
                -78.85569750199994,
                8.38629165400016
              ],
              [
                -78.84965549099996,
                8.381074255000044
              ],
              [
                -78.85306558399992,
                8.377364425000053
              ],
              [
                -78.84606149799993,
                8.368712959000106
              ],
              [
                -78.84097250899998,
                8.366700297000023
              ],
              [
                -78.83953065399993,
                8.361204451000049
              ],
              [
                -78.84220850499992,
                8.35359820900004
              ],
              [
                -78.84032458799999,
                8.35017336300018
              ],
              [
                -78.83546459299998,
                8.34792868900007
              ],
              [
                -78.83242062099998,
                8.343598766000014
              ],
              [
                -78.83470150499988,
                8.341278990000092
              ],
              [
                -78.84069054199989,
                8.341673946000128
              ],
              [
                -78.84387952099996,
                8.33865511900018
              ],
              [
                -78.84539765099998,
                8.32991480600009
              ],
              [
                -78.84484863699998,
                8.322342259000095
              ],
              [
                -78.85412555999989,
                8.307549374000132
              ],
              [
                -78.85453761399998,
                8.303182905000085
              ],
              [
                -78.85198264199994,
                8.301372917000094
              ],
              [
                -78.85700256399997,
                8.297416323000107
              ],
              [
                -78.86159551199995,
                8.295760227000187
              ],
              [
                -78.8678135429999,
                8.296383170000126
              ],
              [
                -78.87432862799994,
                8.302282856000147
              ],
              [
                -78.87755549399986,
                8.302706813000157
              ],
              [
                -78.88559759399993,
                8.300784843000088
              ],
              [
                -78.8934324949999,
                8.301619010000081
              ],
              [
                -78.89891861799998,
                8.297886045000041
              ],
              [
                -78.90055862099996,
                8.300163911000027
              ],
              [
                -78.89981061999998,
                8.313210176000098
              ],
              [
                -78.90728761299994,
                8.304913768000063
              ],
              [
                -78.91066753199988,
                8.298676962000059
              ],
              [
                -78.91320054299996,
                8.298191145999965
              ],
              [
                -78.91506149299994,
                8.300237001000085
              ],
              [
                -78.91966265499997,
                8.299958051999965
              ],
              [
                -78.92122654999991,
                8.295807166000088
              ],
              [
                -78.92050151599989,
                8.292830416000186
              ],
              [
                -78.91675564299993,
                8.293931463000035
              ],
              [
                -78.9210815429999,
                8.282951338000089
              ],
              [
                -78.91915152599995,
                8.275395723000088
              ],
              [
                -78.92086059599995,
                8.263667596000062
              ],
              [
                -78.91667165599989,
                8.259809909000182
              ],
              [
                -78.91243762199997,
                8.25181944100018
              ],
              [
                -78.91042361799998,
                8.236459603000128
              ],
              [
                -78.90805053399998,
                8.230285996000077
              ],
              [
                -78.90269449799996,
                8.225062226000091
              ],
              [
                -78.9033585119999,
                8.222530556000038
              ],
              [
                -78.90724955899998,
                8.22065166900012
              ],
              [
                -78.91508462699994,
                8.221714494000025
              ],
              [
                -78.92940561099988,
                8.238728249000076
              ],
              [
                -78.9237895689999,
                8.237691407000057
              ],
              [
                -78.9233475069999,
                8.239303415000052
              ],
              [
                -78.92613951899989,
                8.242028204000178
              ],
              [
                -78.92714652099994,
                8.24982270400011
              ],
              [
                -78.93426560599994,
                8.268113357000118
              ],
              [
                -78.93088551999995,
                8.27411999700007
              ],
              [
                -78.93161759599991,
                8.277785738000034
              ],
              [
                -78.93550864299993,
                8.281978199000093
              ],
              [
                -78.93412763999999,
                8.276380596000138
              ],
              [
                -78.93571450199988,
                8.273608030000048
              ],
              [
                -78.9371035509999,
                8.274281935000147
              ],
              [
                -78.9469375349999,
                8.288409801000057
              ],
              [
                -78.95297250599998,
                8.293165357000078
              ],
              [
                -78.96103656699995,
                8.293535502000054
              ],
              [
                -78.96590460899995,
                8.295778164000183
              ],
              [
                -78.97106149099994,
                8.304216560999976
              ],
              [
                -78.9711075909999,
                8.307890517000033
              ],
              [
                -78.96658354299996,
                8.31459889000007
              ],
              [
                -78.96559162899996,
                8.328385947000129
              ],
              [
                -78.96213560199999,
                8.328653831999986
              ],
              [
                -78.96204356899995,
                8.320847431000061
              ],
              [
                -78.95758858699992,
                8.313777966000032
              ],
              [
                -78.95644361899997,
                8.314479867000102
              ],
              [
                -78.95607749799996,
                8.322291464999978
              ],
              [
                -78.95286555299992,
                8.323474319000184
              ],
              [
                -78.94592265499995,
                8.320336638000185
              ],
              [
                -78.93854557399993,
                8.31972760800005
              ],
              [
                -78.93580653599997,
                8.321824425000102
              ],
              [
                -78.94667065599992,
                8.325379023000039
              ],
              [
                -78.95154556999995,
                8.329000005000125
              ],
              [
                -78.95639064599993,
                8.329406024000093
              ],
              [
                -78.95781758099997,
                8.33352271200016
              ],
              [
                -78.95694753899988,
                8.337665384000104
              ],
              [
                -78.95195762499998,
                8.344608953000034
              ],
              [
                -78.95706957999988,
                8.348226582000109
              ],
              [
                -78.95897663099993,
                8.353716226000131
              ],
              [
                -78.97248859399997,
                8.367345200000159
              ],
              [
                -78.96248663599994,
                8.378706200000124
              ],
              [
                -78.96031153199988,
                8.389293717000157
              ],
              [
                -78.967224591,
                8.409655204000046
              ],
              [
                -78.96736959799989,
                8.422054218000142
              ],
              [
                -78.97273250699999,
                8.427735975000132
              ],
              [
                -78.96820057999992,
                8.433985522
              ],
              [
                -78.9732746489999,
                8.434618355000055
              ],
              [
                -78.97450259699997,
                8.441263864000064
              ],
              [
                -78.97236655299997,
                8.455526007000174
              ],
              [
                -78.96894053399996,
                8.458319695000057
              ],
              [
                -78.95628352499995,
                8.459147492000056
              ],
              [
                -78.94538855999997,
                8.453755079000189
              ],
              [
                -78.93963656199998,
                8.454506768000101
              ],
              [
                -78.93231949599993,
                8.459180684000103
              ],
              [
                -78.92814664999997,
                8.456928802000164
              ],
              [
                -78.92584950499997,
                8.45764377900008
              ],
              [
                -78.92732254099991,
                8.465435261000096
              ],
              [
                -78.92525455799995,
                8.465917220000108
              ],
              [
                -78.92223355199997,
                8.463653100000158
              ],
              [
                -78.91903652699983,
                8.4659841080001
              ],
              [
                -78.9150925059999,
                8.463960213000064
              ],
              [
                -78.91145358599994,
                8.468132892000085
              ],
              [
                -78.90615857099993,
                8.467959889999975
              ],
              [
                -78.90030649299996,
                8.459986521000076
              ],
              [
                -78.89519453799994,
                8.45636788500019
              ],
              [
                -78.89312756099997,
                8.45661884000009
              ],
              [
                -78.89247863399993,
                8.4607595
              ],
              [
                -78.89440160999999,
                8.467398973000059
              ],
              [
                -78.89355453499996,
                8.474067447000039
              ],
              [
                -78.89102152399994,
                8.474553430000014
              ],
              [
                -78.88244650199988,
                8.46982369
              ],
              [
                -78.8816985009999,
                8.465239292000149
              ]
            ]
          ],
          [
            [
              [
                -79.06611663199999,
                8.261592907000079
              ],
              [
                -79.06630656599998,
                8.258376100000078
              ],
              [
                -79.0764466569999,
                8.259178752000082
              ],
              [
                -79.08007853499998,
                8.254775235000125
              ],
              [
                -79.0879365699999,
                8.257440177000035
              ],
              [
                -79.10014363799996,
                8.257529193000096
              ],
              [
                -79.10423249799999,
                8.253579473000173
              ],
              [
                -79.10624650199998,
                8.24850456500019
              ],
              [
                -79.10359949699983,
                8.239121360000183
              ],
              [
                -79.10010558399995,
                8.235947636000105
              ],
              [
                -79.09868652799992,
                8.232290780000085
              ],
              [
                -79.1004866259999,
                8.22905519700015
              ],
              [
                -79.10826855199997,
                8.225752225000065
              ],
              [
                -79.10983261499996,
                8.22183050000001
              ],
              [
                -79.10815455799997,
                8.21610985100017
              ],
              [
                -79.10971862099996,
                8.212418293000098
              ],
              [
                -79.11362458799994,
                8.211455380000075
              ],
              [
                -79.11748462199984,
                8.207277672000089
              ],
              [
                -79.12301651099995,
                8.207902459000024
              ],
              [
                -79.12743360599995,
                8.211295453000105
              ],
              [
                -79.12886858799999,
                8.215411135000124
              ],
              [
                -79.12639659699994,
                8.22094972900004
              ],
              [
                -79.12734961899992,
                8.223235474000091
              ],
              [
                -79.13194256699995,
                8.222722502000124
              ],
              [
                -79.13338458999993,
                8.227527344000123
              ],
              [
                -79.1333006029999,
                8.239467197000124
              ],
              [
                -79.13771853699996,
                8.243089018000035
              ],
              [
                -79.14204359899998,
                8.238906447999966
              ],
              [
                -79.14350154699997,
                8.244859108000071
              ],
              [
                -79.13941151299997,
                8.249727485000108
              ],
              [
                -79.13582657299997,
                8.257575964000182
              ],
              [
                -79.126357537,
                8.25516029900001
              ],
              [
                -79.12223850299995,
                8.257045222000102
              ],
              [
                -79.12923454199989,
                8.264310488000149
              ],
              [
                -79.12475558799997,
                8.27469466000008
              ],
              [
                -79.12874554199993,
                8.281077479000032
              ],
              [
                -79.12670153099992,
                8.283396081000035
              ],
              [
                -79.12744852599991,
                8.288210814000024
              ],
              [
                -79.1261825229999,
                8.297639114000162
              ],
              [
                -79.12351255199997,
                8.305246530000034
              ],
              [
                -79.11099250299992,
                8.316641727000103
              ],
              [
                -79.10478251899991,
                8.31763163
              ],
              [
                -79.09782453299994,
                8.313579147000155
              ],
              [
                -79.09542864999992,
                8.305570574
              ],
              [
                -79.08326751399994,
                8.290096575000177
              ],
              [
                -79.0814895449999,
                8.27634053100013
              ],
              [
                -79.07305952999997,
                8.264727404000155
              ],
              [
                -79.06890059699998,
                8.263856692000047
              ],
              [
                -79.06611663199999,
                8.261592907000079
              ]
            ]
          ],
          [
            [
              [
                -79.09803055999993,
                8.406345525000063
              ],
              [
                -79.09130860899995,
                8.403206670000145
              ],
              [
                -79.08879051799994,
                8.404154664000032
              ],
              [
                -79.08708949399988,
                8.415885808000098
              ],
              [
                -79.08180956599995,
                8.417552465000085
              ],
              [
                -79.0794606209999,
                8.413905667000108
              ],
              [
                -79.08231365399996,
                8.402161615000068
              ],
              [
                -79.07804156499998,
                8.39187735500002
              ],
              [
                -79.08292352099988,
                8.376665541000136
              ],
              [
                -79.08637250599998,
                8.375937489000137
              ],
              [
                -79.09565764399997,
                8.381801134000057
              ],
              [
                -79.10034161899995,
                8.387947751000127
              ],
              [
                -79.10356865099993,
                8.388369528000169
              ],
              [
                -79.10861153999991,
                8.386474715000134
              ],
              [
                -79.11116751699996,
                8.38805269200003
              ],
              [
                -79.11546357799995,
                8.400632923000103
              ],
              [
                -79.12490864199992,
                8.400752784000133
              ],
              [
                -79.12680060499997,
                8.404405618000055
              ],
              [
                -79.12692264499992,
                8.414277656000081
              ],
              [
                -79.12467964799998,
                8.419585412000117
              ],
              [
                -79.11827855599995,
                8.423333296000067
              ],
              [
                -79.11602751199996,
                8.427952731000119
              ],
              [
                -79.11234249199998,
                8.42776598200004
              ],
              [
                -79.1116255039999,
                8.425707051000131
              ],
              [
                -79.11386162899998,
                8.419940469000096
              ],
              [
                -79.11221357899996,
                8.417203443000119
              ],
              [
                -79.10021253699989,
                8.415275605000147
              ],
              [
                -79.0996705629999,
                8.409082217
              ],
              [
                -79.09803055999993,
                8.406345525000063
              ]
            ]
          ],
          [
            [
              [
                -79.00587455199991,
                1.216006490000041
              ],
              [
                -79.01396157999989,
                1.19865276600018
              ],
              [
                -79.02352851699999,
                1.215169641000159
              ],
              [
                -79.02830452499995,
                1.218932277000079
              ],
              [
                -79.03475154999984,
                1.220604132000119
              ],
              [
                -79.03910863099992,
                1.223741143000098
              ],
              [
                -79.04181665599998,
                1.228758718000165
              ],
              [
                -79.04098550699996,
                1.232522528
              ],
              [
                -79.03247049899994,
                1.238377957000182
              ],
              [
                -79.02645162199991,
                1.238796885000056
              ],
              [
                -79.0179366139999,
                1.242142773000126
              ],
              [
                -79.01170349499995,
                1.248623996000163
              ],
              [
                -79.00900251099989,
                1.249671063000051
              ],
              [
                -78.99320949699995,
                1.230226389000052
              ],
              [
                -78.99320949699995,
                1.226043987000025
              ],
              [
                -79.00587455199991,
                1.216006490000041
              ]
            ]
          ],
          [
            [
              [
                -78.19935659599992,
                2.937853084000153
              ],
              [
                -78.20414752399995,
                2.937648231000139
              ],
              [
                -78.20455957899992,
                2.940787756000134
              ],
              [
                -78.1995616179999,
                2.944969488000083
              ],
              [
                -78.19810450799997,
                2.948316382000087
              ],
              [
                -78.19789160699986,
                2.961502289000123
              ],
              [
                -78.19455762099994,
                2.967568943000117
              ],
              [
                -78.1928866049999,
                2.977194217000147
              ],
              [
                -78.18663756099994,
                2.988910274000091
              ],
              [
                -78.17247750899992,
                3.002500357000031
              ],
              [
                -78.16914352299995,
                3.003334188000167
              ],
              [
                -78.16706061999992,
                3.000192483000035
              ],
              [
                -78.17247750899992,
                2.988059343000145
              ],
              [
                -78.1731105099999,
                2.9757111240001
              ],
              [
                -78.17894749999994,
                2.954996926000035
              ],
              [
                -78.19935659599992,
                2.937853084000153
              ]
            ]
          ],
          [
            [
              [
                -78.99192857399993,
                8.473221546000161
              ],
              [
                -78.99046358499999,
                8.465889225000183
              ],
              [
                -78.9879305739999,
                8.46614721900005
              ],
              [
                -78.98281861899989,
                8.462758416000042
              ],
              [
                -78.97660863399989,
                8.463746139000136
              ],
              [
                -78.9751585649999,
                8.458020797000188
              ],
              [
                -78.9785616179999,
                8.453389963000177
              ],
              [
                -78.9775236029999,
                8.443526642000052
              ],
              [
                -78.97981253299997,
                8.441894686000012
              ],
              [
                -78.98173550899998,
                8.44853231500008
              ],
              [
                -78.98799159399988,
                8.451908210000056
              ],
              [
                -78.99037959799995,
                8.459000474000163
              ],
              [
                -78.99387351099995,
                8.462176377000105
              ],
              [
                -79.00079360999996,
                8.463247249000062
              ],
              [
                -79.00491365099998,
                8.460905345000072
              ],
              [
                -79.00933862499994,
                8.464760182000077
              ],
              [
                -79.01579252299996,
                8.465147091000063
              ],
              [
                -79.01906565599995,
                8.46713309900008
              ],
              [
                -79.01954660999996,
                8.47084561100013
              ],
              [
                -79.01727259999996,
                8.473167734000128
              ],
              [
                -79.00273854699998,
                8.47172353200017
              ],
              [
                -78.99659762999988,
                8.478222357000107
              ],
              [
                -78.99083758599994,
                8.478516059000071
              ],
              [
                -78.98559554299999,
                8.483167009000113
              ],
              [
                -78.98220858399998,
                8.488945493000074
              ],
              [
                -78.97829456999995,
                8.48921840800017
              ],
              [
                -78.97640964799996,
                8.48579473600006
              ],
              [
                -78.98114056199995,
                8.476556201999983
              ],
              [
                -78.98780853299985,
                8.47556328200011
              ],
              [
                -78.99192857399993,
                8.473221546000161
              ]
            ]
          ]
        ]
      }
    }
  ]
}